<annotation>
	<folder></folder>
	<filename>0002526673_jpg.rf.1603a4493eb39efec2e9b9a8ceb4b892.jpg</filename>
	<path>0002526673_jpg.rf.1603a4493eb39efec2e9b9a8ceb4b892.jpg</path>
	<source>
		<database>roboflow.ai</database>
	</source>
	<size>
		<width>416</width>
		<height>416</height>
		<depth>3</depth>
	</size>
	<segmented>0</segmented>
	<object>
		<name>mask</name>
		<pose>Unspecified</pose>
		<truncated>0</truncated>
		<difficult>0</difficult>
		<occluded>0</occluded>
		<bndbox>
			<xmin>183</xmin>
			<xmax>204</xmax>
			<ymin>141</ymin>
			<ymax>191</ymax>
		</bndbox>
	</object>
	<object>
		<name>mask</name>
		<pose>Unspecified</pose>
		<truncated>0</truncated>
		<difficult>0</difficult>
		<occluded>0</occluded>
		<bndbox>
			<xmin>73</xmin>
			<xmax>84</xmax>
			<ymin>147</ymin>
			<ymax>165</ymax>
		</bndbox>
	</object>
</annotation>
