<annotation>
	<folder></folder>
	<filename>012106_jpg.rf.91ed33e9f8d62cb8059d3e2796c6c1d8.jpg</filename>
	<path>012106_jpg.rf.91ed33e9f8d62cb8059d3e2796c6c1d8.jpg</path>
	<source>
		<database>roboflow.ai</database>
	</source>
	<size>
		<width>416</width>
		<height>416</height>
		<depth>3</depth>
	</size>
	<segmented>0</segmented>
	<object>
		<name>mask</name>
		<pose>Unspecified</pose>
		<truncated>0</truncated>
		<difficult>0</difficult>
		<occluded>0</occluded>
		<bndbox>
			<xmin>239</xmin>
			<xmax>333</xmax>
			<ymin>134</ymin>
			<ymax>252</ymax>
		</bndbox>
	</object>
</annotation>
