<annotation>
	<folder></folder>
	<filename>1042977068_jpg.rf.0eb1d83b6cd5e1ef83a636d70d8ab477.jpg</filename>
	<path>1042977068_jpg.rf.0eb1d83b6cd5e1ef83a636d70d8ab477.jpg</path>
	<source>
		<database>roboflow.ai</database>
	</source>
	<size>
		<width>416</width>
		<height>416</height>
		<depth>3</depth>
	</size>
	<segmented>0</segmented>
	<object>
		<name>mask</name>
		<pose>Unspecified</pose>
		<truncated>0</truncated>
		<difficult>0</difficult>
		<occluded>0</occluded>
		<bndbox>
			<xmin>136</xmin>
			<xmax>161</xmax>
			<ymin>36</ymin>
			<ymax>90</ymax>
		</bndbox>
	</object>
	<object>
		<name>mask</name>
		<pose>Unspecified</pose>
		<truncated>0</truncated>
		<difficult>0</difficult>
		<occluded>0</occluded>
		<bndbox>
			<xmin>221</xmin>
			<xmax>242</xmax>
			<ymin>108</ymin>
			<ymax>151</ymax>
		</bndbox>
	</object>
	<object>
		<name>mask</name>
		<pose>Unspecified</pose>
		<truncated>0</truncated>
		<difficult>0</difficult>
		<occluded>0</occluded>
		<bndbox>
			<xmin>311</xmin>
			<xmax>329</xmax>
			<ymin>115</ymin>
			<ymax>153</ymax>
		</bndbox>
	</object>
</annotation>
