<annotation>
	<folder></folder>
	<filename>1125506397_15801322206131n_jpg.rf.f45a62bfcc94cf950b263f5c1f533ee8.jpg</filename>
	<path>1125506397_15801322206131n_jpg.rf.f45a62bfcc94cf950b263f5c1f533ee8.jpg</path>
	<source>
		<database>roboflow.ai</database>
	</source>
	<size>
		<width>416</width>
		<height>416</height>
		<depth>3</depth>
	</size>
	<segmented>0</segmented>
	<object>
		<name>mask</name>
		<pose>Unspecified</pose>
		<truncated>0</truncated>
		<difficult>0</difficult>
		<occluded>0</occluded>
		<bndbox>
			<xmin>234</xmin>
			<xmax>255</xmax>
			<ymin>78</ymin>
			<ymax>108</ymax>
		</bndbox>
	</object>
	<object>
		<name>mask</name>
		<pose>Unspecified</pose>
		<truncated>0</truncated>
		<difficult>0</difficult>
		<occluded>0</occluded>
		<bndbox>
			<xmin>331</xmin>
			<xmax>352</xmax>
			<ymin>71</ymin>
			<ymax>107</ymax>
		</bndbox>
	</object>
	<object>
		<name>mask</name>
		<pose>Unspecified</pose>
		<truncated>0</truncated>
		<difficult>0</difficult>
		<occluded>0</occluded>
		<bndbox>
			<xmin>150</xmin>
			<xmax>188</xmax>
			<ymin>71</ymin>
			<ymax>126</ymax>
		</bndbox>
	</object>
	<object>
		<name>mask</name>
		<pose>Unspecified</pose>
		<truncated>0</truncated>
		<difficult>0</difficult>
		<occluded>0</occluded>
		<bndbox>
			<xmin>69</xmin>
			<xmax>86</xmax>
			<ymin>102</ymin>
			<ymax>127</ymax>
		</bndbox>
	</object>
	<object>
		<name>mask</name>
		<pose>Unspecified</pose>
		<truncated>0</truncated>
		<difficult>0</difficult>
		<occluded>0</occluded>
		<bndbox>
			<xmin>26</xmin>
			<xmax>39</xmax>
			<ymin>84</ymin>
			<ymax>108</ymax>
		</bndbox>
	</object>
</annotation>
