<annotation>
	<folder></folder>
	<filename>1288788-une-employee-aide-des-voyageurs-en-provenance-de-chine-le-26-janvier-2020-a-l-aeroport-de-roissy_jpg.rf.2f048894ea1e5f29e00f91f92ee2f81a.jpg</filename>
	<path>1288788-une-employee-aide-des-voyageurs-en-provenance-de-chine-le-26-janvier-2020-a-l-aeroport-de-roissy_jpg.rf.2f048894ea1e5f29e00f91f92ee2f81a.jpg</path>
	<source>
		<database>roboflow.ai</database>
	</source>
	<size>
		<width>416</width>
		<height>416</height>
		<depth>3</depth>
	</size>
	<segmented>0</segmented>
	<object>
		<name>mask</name>
		<pose>Unspecified</pose>
		<truncated>0</truncated>
		<difficult>0</difficult>
		<occluded>0</occluded>
		<bndbox>
			<xmin>122</xmin>
			<xmax>167</xmax>
			<ymin>84</ymin>
			<ymax>149</ymax>
		</bndbox>
	</object>
	<object>
		<name>none</name>
		<pose>Unspecified</pose>
		<truncated>0</truncated>
		<difficult>0</difficult>
		<occluded>0</occluded>
		<bndbox>
			<xmin>379</xmin>
			<xmax>417</xmax>
			<ymin>47</ymin>
			<ymax>103</ymax>
		</bndbox>
	</object>
	<object>
		<name>none</name>
		<pose>Unspecified</pose>
		<truncated>0</truncated>
		<difficult>0</difficult>
		<occluded>0</occluded>
		<bndbox>
			<xmin>200</xmin>
			<xmax>238</xmax>
			<ymin>165</ymin>
			<ymax>225</ymax>
		</bndbox>
	</object>
	<object>
		<name>mask</name>
		<pose>Unspecified</pose>
		<truncated>0</truncated>
		<difficult>0</difficult>
		<occluded>0</occluded>
		<bndbox>
			<xmin>259</xmin>
			<xmax>302</xmax>
			<ymin>148</ymin>
			<ymax>217</ymax>
		</bndbox>
	</object>
</annotation>
