<annotation>
	<folder></folder>
	<filename>1288126-10255706714jpg_jpg.rf.8270e87152d07630952072933c1876c1.jpg</filename>
	<path>1288126-10255706714jpg_jpg.rf.8270e87152d07630952072933c1876c1.jpg</path>
	<source>
		<database>roboflow.ai</database>
	</source>
	<size>
		<width>416</width>
		<height>416</height>
		<depth>3</depth>
	</size>
	<segmented>0</segmented>
	<object>
		<name>mask</name>
		<pose>Unspecified</pose>
		<truncated>0</truncated>
		<difficult>0</difficult>
		<occluded>0</occluded>
		<bndbox>
			<xmin>135</xmin>
			<xmax>182</xmax>
			<ymin>150</ymin>
			<ymax>242</ymax>
		</bndbox>
	</object>
	<object>
		<name>mask</name>
		<pose>Unspecified</pose>
		<truncated>0</truncated>
		<difficult>0</difficult>
		<occluded>0</occluded>
		<bndbox>
			<xmin>229</xmin>
			<xmax>271</xmax>
			<ymin>193</ymin>
			<ymax>264</ymax>
		</bndbox>
	</object>
</annotation>
