<annotation>
	<folder></folder>
	<filename>1482202839575_jpg.rf.22c86e856396faeef5905a7b594ec8a5.jpg</filename>
	<path>1482202839575_jpg.rf.22c86e856396faeef5905a7b594ec8a5.jpg</path>
	<source>
		<database>roboflow.ai</database>
	</source>
	<size>
		<width>416</width>
		<height>416</height>
		<depth>3</depth>
	</size>
	<segmented>0</segmented>
	<object>
		<name>none</name>
		<pose>Unspecified</pose>
		<truncated>0</truncated>
		<difficult>0</difficult>
		<occluded>0</occluded>
		<bndbox>
			<xmin>196</xmin>
			<xmax>215</xmax>
			<ymin>111</ymin>
			<ymax>146</ymax>
		</bndbox>
	</object>
	<object>
		<name>mask</name>
		<pose>Unspecified</pose>
		<truncated>0</truncated>
		<difficult>0</difficult>
		<occluded>0</occluded>
		<bndbox>
			<xmin>267</xmin>
			<xmax>289</xmax>
			<ymin>104</ymin>
			<ymax>140</ymax>
		</bndbox>
	</object>
	<object>
		<name>none</name>
		<pose>Unspecified</pose>
		<truncated>0</truncated>
		<difficult>0</difficult>
		<occluded>0</occluded>
		<bndbox>
			<xmin>325</xmin>
			<xmax>338</xmax>
			<ymin>146</ymin>
			<ymax>173</ymax>
		</bndbox>
	</object>
	<object>
		<name>none</name>
		<pose>Unspecified</pose>
		<truncated>0</truncated>
		<difficult>0</difficult>
		<occluded>0</occluded>
		<bndbox>
			<xmin>371</xmin>
			<xmax>384</xmax>
			<ymin>126</ymin>
			<ymax>158</ymax>
		</bndbox>
	</object>
</annotation>
