<annotation>
	<folder></folder>
	<filename>15391513329330sooq10859_jpg.rf.2c1b40e8bc715b6ab826ceee96e543c8.jpg</filename>
	<path>15391513329330sooq10859_jpg.rf.2c1b40e8bc715b6ab826ceee96e543c8.jpg</path>
	<source>
		<database>roboflow.ai</database>
	</source>
	<size>
		<width>416</width>
		<height>416</height>
		<depth>3</depth>
	</size>
	<segmented>0</segmented>
	<object>
		<name>mask</name>
		<pose>Unspecified</pose>
		<truncated>0</truncated>
		<difficult>0</difficult>
		<occluded>0</occluded>
		<bndbox>
			<xmin>142</xmin>
			<xmax>255</xmax>
			<ymin>84</ymin>
			<ymax>164</ymax>
		</bndbox>
	</object>
</annotation>
