<annotation>
	<folder></folder>
	<filename>1539151332674193npsrq70_jpg.rf.293e25915c2e817018218c2b4f52dcfa.jpg</filename>
	<path>1539151332674193npsrq70_jpg.rf.293e25915c2e817018218c2b4f52dcfa.jpg</path>
	<source>
		<database>roboflow.ai</database>
	</source>
	<size>
		<width>416</width>
		<height>416</height>
		<depth>3</depth>
	</size>
	<segmented>0</segmented>
	<object>
		<name>mask</name>
		<pose>Unspecified</pose>
		<truncated>0</truncated>
		<difficult>0</difficult>
		<occluded>0</occluded>
		<bndbox>
			<xmin>153</xmin>
			<xmax>202</xmax>
			<ymin>48</ymin>
			<ymax>83</ymax>
		</bndbox>
	</object>
</annotation>
