<annotation>
	<folder></folder>
	<filename>1580571207_88208_jpg.rf.acb47844351a25ba7ae4e46785840cc1.jpg</filename>
	<path>1580571207_88208_jpg.rf.acb47844351a25ba7ae4e46785840cc1.jpg</path>
	<source>
		<database>roboflow.ai</database>
	</source>
	<size>
		<width>416</width>
		<height>416</height>
		<depth>3</depth>
	</size>
	<segmented>0</segmented>
	<object>
		<name>mask</name>
		<pose>Unspecified</pose>
		<truncated>0</truncated>
		<difficult>0</difficult>
		<occluded>0</occluded>
		<bndbox>
			<xmin>180</xmin>
			<xmax>215</xmax>
			<ymin>52</ymin>
			<ymax>112</ymax>
		</bndbox>
	</object>
</annotation>
