<annotation>
	<folder></folder>
	<filename>1580286580_5bab_jpg.rf.75e0d810075cff11455d861eca49335e.jpg</filename>
	<path>1580286580_5bab_jpg.rf.75e0d810075cff11455d861eca49335e.jpg</path>
	<source>
		<database>roboflow.ai</database>
	</source>
	<size>
		<width>416</width>
		<height>416</height>
		<depth>3</depth>
	</size>
	<segmented>0</segmented>
	<object>
		<name>none</name>
		<pose>Unspecified</pose>
		<truncated>0</truncated>
		<difficult>0</difficult>
		<occluded>0</occluded>
		<bndbox>
			<xmin>4</xmin>
			<xmax>78</xmax>
			<ymin>153</ymin>
			<ymax>298</ymax>
		</bndbox>
	</object>
	<object>
		<name>mask</name>
		<pose>Unspecified</pose>
		<truncated>0</truncated>
		<difficult>0</difficult>
		<occluded>0</occluded>
		<bndbox>
			<xmin>84</xmin>
			<xmax>159</xmax>
			<ymin>107</ymin>
			<ymax>260</ymax>
		</bndbox>
	</object>
</annotation>
