<annotation>
	<folder></folder>
	<filename>1581278917_899_Five-million-people-were-able-to-flee-Wuhan-before-quarantining_jpg.rf.04fea8905a684c198424ed8691862013.jpg</filename>
	<path>1581278917_899_Five-million-people-were-able-to-flee-Wuhan-before-quarantining_jpg.rf.04fea8905a684c198424ed8691862013.jpg</path>
	<source>
		<database>roboflow.ai</database>
	</source>
	<size>
		<width>416</width>
		<height>416</height>
		<depth>3</depth>
	</size>
	<segmented>0</segmented>
	<object>
		<name>mask</name>
		<pose>Unspecified</pose>
		<truncated>0</truncated>
		<difficult>0</difficult>
		<occluded>0</occluded>
		<bndbox>
			<xmin>57</xmin>
			<xmax>78</xmax>
			<ymin>253</ymin>
			<ymax>269</ymax>
		</bndbox>
	</object>
	<object>
		<name>mask</name>
		<pose>Unspecified</pose>
		<truncated>0</truncated>
		<difficult>0</difficult>
		<occluded>0</occluded>
		<bndbox>
			<xmin>227</xmin>
			<xmax>250</xmax>
			<ymin>248</ymin>
			<ymax>266</ymax>
		</bndbox>
	</object>
	<object>
		<name>none</name>
		<pose>Unspecified</pose>
		<truncated>0</truncated>
		<difficult>0</difficult>
		<occluded>0</occluded>
		<bndbox>
			<xmin>290</xmin>
			<xmax>302</xmax>
			<ymin>276</ymin>
			<ymax>288</ymax>
		</bndbox>
	</object>
	<object>
		<name>mask</name>
		<pose>Unspecified</pose>
		<truncated>0</truncated>
		<difficult>0</difficult>
		<occluded>0</occluded>
		<bndbox>
			<xmin>345</xmin>
			<xmax>371</xmax>
			<ymin>246</ymin>
			<ymax>264</ymax>
		</bndbox>
	</object>
</annotation>
