<annotation>
	<folder></folder>
	<filename>1581171518_471_The-video-shows-officials-in-protective-suits-dragging-suspected-coronavirus_jpg.rf.0d2e2f02f0b22080be51db553af86b30.jpg</filename>
	<path>1581171518_471_The-video-shows-officials-in-protective-suits-dragging-suspected-coronavirus_jpg.rf.0d2e2f02f0b22080be51db553af86b30.jpg</path>
	<source>
		<database>roboflow.ai</database>
	</source>
	<size>
		<width>416</width>
		<height>416</height>
		<depth>3</depth>
	</size>
	<segmented>0</segmented>
	<object>
		<name>mask</name>
		<pose>Unspecified</pose>
		<truncated>0</truncated>
		<difficult>0</difficult>
		<occluded>0</occluded>
		<bndbox>
			<xmin>48</xmin>
			<xmax>67</xmax>
			<ymin>121</ymin>
			<ymax>149</ymax>
		</bndbox>
	</object>
	<object>
		<name>mask</name>
		<pose>Unspecified</pose>
		<truncated>0</truncated>
		<difficult>0</difficult>
		<occluded>0</occluded>
		<bndbox>
			<xmin>122</xmin>
			<xmax>139</xmax>
			<ymin>117</ymin>
			<ymax>145</ymax>
		</bndbox>
	</object>
	<object>
		<name>mask</name>
		<pose>Unspecified</pose>
		<truncated>0</truncated>
		<difficult>0</difficult>
		<occluded>0</occluded>
		<bndbox>
			<xmin>164</xmin>
			<xmax>180</xmax>
			<ymin>118</ymin>
			<ymax>149</ymax>
		</bndbox>
	</object>
	<object>
		<name>mask</name>
		<pose>Unspecified</pose>
		<truncated>0</truncated>
		<difficult>0</difficult>
		<occluded>0</occluded>
		<bndbox>
			<xmin>182</xmin>
			<xmax>199</xmax>
			<ymin>105</ymin>
			<ymax>136</ymax>
		</bndbox>
	</object>
	<object>
		<name>mask</name>
		<pose>Unspecified</pose>
		<truncated>0</truncated>
		<difficult>0</difficult>
		<occluded>0</occluded>
		<bndbox>
			<xmin>253</xmin>
			<xmax>271</xmax>
			<ymin>121</ymin>
			<ymax>150</ymax>
		</bndbox>
	</object>
	<object>
		<name>mask</name>
		<pose>Unspecified</pose>
		<truncated>0</truncated>
		<difficult>0</difficult>
		<occluded>0</occluded>
		<bndbox>
			<xmin>306</xmin>
			<xmax>323</xmax>
			<ymin>121</ymin>
			<ymax>152</ymax>
		</bndbox>
	</object>
</annotation>
