<annotation>
	<folder></folder>
	<filename>16583398_1901481846754323_9052270693084823552_n_jpg.rf.e5c2de477da8c1a05176c86f85513b95.jpg</filename>
	<path>16583398_1901481846754323_9052270693084823552_n_jpg.rf.e5c2de477da8c1a05176c86f85513b95.jpg</path>
	<source>
		<database>roboflow.ai</database>
	</source>
	<size>
		<width>416</width>
		<height>416</height>
		<depth>3</depth>
	</size>
	<segmented>0</segmented>
	<object>
		<name>mask</name>
		<pose>Unspecified</pose>
		<truncated>0</truncated>
		<difficult>0</difficult>
		<occluded>0</occluded>
		<bndbox>
			<xmin>46</xmin>
			<xmax>167</xmax>
			<ymin>92</ymin>
			<ymax>214</ymax>
		</bndbox>
	</object>
	<object>
		<name>mask</name>
		<pose>Unspecified</pose>
		<truncated>0</truncated>
		<difficult>0</difficult>
		<occluded>0</occluded>
		<bndbox>
			<xmin>251</xmin>
			<xmax>380</xmax>
			<ymin>271</ymin>
			<ymax>406</ymax>
		</bndbox>
	</object>
</annotation>
