<annotation>
	<folder></folder>
	<filename>1948261-1595163312_jpg.rf.ae4bcb25244aa921cc12cea6d2017e8f.jpg</filename>
	<path>1948261-1595163312_jpg.rf.ae4bcb25244aa921cc12cea6d2017e8f.jpg</path>
	<source>
		<database>roboflow.ai</database>
	</source>
	<size>
		<width>416</width>
		<height>416</height>
		<depth>3</depth>
	</size>
	<segmented>0</segmented>
	<object>
		<name>mask</name>
		<pose>Unspecified</pose>
		<truncated>0</truncated>
		<difficult>0</difficult>
		<occluded>0</occluded>
		<bndbox>
			<xmin>50</xmin>
			<xmax>69</xmax>
			<ymin>91</ymin>
			<ymax>123</ymax>
		</bndbox>
	</object>
	<object>
		<name>mask</name>
		<pose>Unspecified</pose>
		<truncated>0</truncated>
		<difficult>0</difficult>
		<occluded>0</occluded>
		<bndbox>
			<xmin>98</xmin>
			<xmax>113</xmax>
			<ymin>34</ymin>
			<ymax>62</ymax>
		</bndbox>
	</object>
	<object>
		<name>mask</name>
		<pose>Unspecified</pose>
		<truncated>0</truncated>
		<difficult>0</difficult>
		<occluded>0</occluded>
		<bndbox>
			<xmin>221</xmin>
			<xmax>240</xmax>
			<ymin>50</ymin>
			<ymax>88</ymax>
		</bndbox>
	</object>
	<object>
		<name>mask</name>
		<pose>Unspecified</pose>
		<truncated>0</truncated>
		<difficult>0</difficult>
		<occluded>0</occluded>
		<bndbox>
			<xmin>367</xmin>
			<xmax>390</xmax>
			<ymin>25</ymin>
			<ymax>71</ymax>
		</bndbox>
	</object>
</annotation>
