<annotation>
	<folder></folder>
	<filename>19970010p890r390q90o_jpg.rf.e86fc11c16ac3d3eca7faf1b33e7d8e9.jpg</filename>
	<path>19970010p890r390q90o_jpg.rf.e86fc11c16ac3d3eca7faf1b33e7d8e9.jpg</path>
	<source>
		<database>roboflow.ai</database>
	</source>
	<size>
		<width>416</width>
		<height>416</height>
		<depth>3</depth>
	</size>
	<segmented>0</segmented>
	<object>
		<name>mask</name>
		<pose>Unspecified</pose>
		<truncated>0</truncated>
		<difficult>0</difficult>
		<occluded>0</occluded>
		<bndbox>
			<xmin>177</xmin>
			<xmax>221</xmax>
			<ymin>42</ymin>
			<ymax>79</ymax>
		</bndbox>
	</object>
	<object>
		<name>mask</name>
		<pose>Unspecified</pose>
		<truncated>0</truncated>
		<difficult>0</difficult>
		<occluded>0</occluded>
		<bndbox>
			<xmin>284</xmin>
			<xmax>345</xmax>
			<ymin>59</ymin>
			<ymax>103</ymax>
		</bndbox>
	</object>
</annotation>
