<annotation>
	<folder></folder>
	<filename>200128110635-02-wuhan-virus-beijing-0127-super-tease_jpg.rf.698343ce824aabcde90512659a154cbb.jpg</filename>
	<path>200128110635-02-wuhan-virus-beijing-0127-super-tease_jpg.rf.698343ce824aabcde90512659a154cbb.jpg</path>
	<source>
		<database>roboflow.ai</database>
	</source>
	<size>
		<width>416</width>
		<height>416</height>
		<depth>3</depth>
	</size>
	<segmented>0</segmented>
	<object>
		<name>mask</name>
		<pose>Unspecified</pose>
		<truncated>0</truncated>
		<difficult>0</difficult>
		<occluded>0</occluded>
		<bndbox>
			<xmin>79</xmin>
			<xmax>132</xmax>
			<ymin>198</ymin>
			<ymax>341</ymax>
		</bndbox>
	</object>
	<object>
		<name>mask</name>
		<pose>Unspecified</pose>
		<truncated>0</truncated>
		<difficult>0</difficult>
		<occluded>0</occluded>
		<bndbox>
			<xmin>127</xmin>
			<xmax>190</xmax>
			<ymin>143</ymin>
			<ymax>260</ymax>
		</bndbox>
	</object>
	<object>
		<name>mask</name>
		<pose>Unspecified</pose>
		<truncated>0</truncated>
		<difficult>0</difficult>
		<occluded>0</occluded>
		<bndbox>
			<xmin>204</xmin>
			<xmax>245</xmax>
			<ymin>180</ymin>
			<ymax>272</ymax>
		</bndbox>
	</object>
</annotation>
