<annotation>
	<folder></folder>
	<filename>200124-coronavirus-surgical-masks_jpg.rf.05285198eb35c70fb91521ad8a6c2afb.jpg</filename>
	<path>200124-coronavirus-surgical-masks_jpg.rf.05285198eb35c70fb91521ad8a6c2afb.jpg</path>
	<source>
		<database>roboflow.ai</database>
	</source>
	<size>
		<width>416</width>
		<height>416</height>
		<depth>3</depth>
	</size>
	<segmented>0</segmented>
	<object>
		<name>mask</name>
		<pose>Unspecified</pose>
		<truncated>0</truncated>
		<difficult>0</difficult>
		<occluded>0</occluded>
		<bndbox>
			<xmin>187</xmin>
			<xmax>225</xmax>
			<ymin>144</ymin>
			<ymax>198</ymax>
		</bndbox>
	</object>
</annotation>
