<annotation>
	<folder></folder>
	<filename>200121234234-01-coronavirus-0121-super-tease_jpg.rf.6a70bf6aa4f7b8b59e7db988efd589f7.jpg</filename>
	<path>200121234234-01-coronavirus-0121-super-tease_jpg.rf.6a70bf6aa4f7b8b59e7db988efd589f7.jpg</path>
	<source>
		<database>roboflow.ai</database>
	</source>
	<size>
		<width>416</width>
		<height>416</height>
		<depth>3</depth>
	</size>
	<segmented>0</segmented>
	<object>
		<name>mask</name>
		<pose>Unspecified</pose>
		<truncated>0</truncated>
		<difficult>0</difficult>
		<occluded>0</occluded>
		<bndbox>
			<xmin>156</xmin>
			<xmax>201</xmax>
			<ymin>48</ymin>
			<ymax>158</ymax>
		</bndbox>
	</object>
	<object>
		<name>mask</name>
		<pose>Unspecified</pose>
		<truncated>0</truncated>
		<difficult>0</difficult>
		<occluded>0</occluded>
		<bndbox>
			<xmin>213</xmin>
			<xmax>255</xmax>
			<ymin>233</ymin>
			<ymax>323</ymax>
		</bndbox>
	</object>
	<object>
		<name>none</name>
		<pose>Unspecified</pose>
		<truncated>0</truncated>
		<difficult>0</difficult>
		<occluded>0</occluded>
		<bndbox>
			<xmin>285</xmin>
			<xmax>298</xmax>
			<ymin>94</ymin>
			<ymax>132</ymax>
		</bndbox>
	</object>
</annotation>
