<annotation>
	<folder></folder>
	<filename>200130-Messer-Coronavirus-tease_ffi1jk_jpg.rf.2afd94952ee54f3fdc5f9db9b8977889.jpg</filename>
	<path>200130-Messer-Coronavirus-tease_ffi1jk_jpg.rf.2afd94952ee54f3fdc5f9db9b8977889.jpg</path>
	<source>
		<database>roboflow.ai</database>
	</source>
	<size>
		<width>416</width>
		<height>416</height>
		<depth>3</depth>
	</size>
	<segmented>0</segmented>
	<object>
		<name>mask</name>
		<pose>Unspecified</pose>
		<truncated>0</truncated>
		<difficult>0</difficult>
		<occluded>0</occluded>
		<bndbox>
			<xmin>197</xmin>
			<xmax>255</xmax>
			<ymin>54</ymin>
			<ymax>163</ymax>
		</bndbox>
	</object>
	<object>
		<name>mask</name>
		<pose>Unspecified</pose>
		<truncated>0</truncated>
		<difficult>0</difficult>
		<occluded>0</occluded>
		<bndbox>
			<xmin>403</xmin>
			<xmax>417</xmax>
			<ymin>99</ymin>
			<ymax>139</ymax>
		</bndbox>
	</object>
	<object>
		<name>mask</name>
		<pose>Unspecified</pose>
		<truncated>0</truncated>
		<difficult>0</difficult>
		<occluded>0</occluded>
		<bndbox>
			<xmin>124</xmin>
			<xmax>170</xmax>
			<ymin>160</ymin>
			<ymax>233</ymax>
		</bndbox>
	</object>
</annotation>
