<annotation>
	<folder></folder>
	<filename>200210163309-coronavirus-economia-mundial-afecta-brote-virus-portafolio-global-cnnee-00000000_jpg.rf.2325ddf70b4ae9570591b0b5cf8c1db2.jpg</filename>
	<path>200210163309-coronavirus-economia-mundial-afecta-brote-virus-portafolio-global-cnnee-00000000_jpg.rf.2325ddf70b4ae9570591b0b5cf8c1db2.jpg</path>
	<source>
		<database>roboflow.ai</database>
	</source>
	<size>
		<width>416</width>
		<height>416</height>
		<depth>3</depth>
	</size>
	<segmented>0</segmented>
	<object>
		<name>mask</name>
		<pose>Unspecified</pose>
		<truncated>0</truncated>
		<difficult>0</difficult>
		<occluded>0</occluded>
		<bndbox>
			<xmin>4</xmin>
			<xmax>43</xmax>
			<ymin>166</ymin>
			<ymax>254</ymax>
		</bndbox>
	</object>
	<object>
		<name>mask</name>
		<pose>Unspecified</pose>
		<truncated>0</truncated>
		<difficult>0</difficult>
		<occluded>0</occluded>
		<bndbox>
			<xmin>43</xmin>
			<xmax>92</xmax>
			<ymin>178</ymin>
			<ymax>254</ymax>
		</bndbox>
	</object>
	<object>
		<name>mask</name>
		<pose>Unspecified</pose>
		<truncated>0</truncated>
		<difficult>0</difficult>
		<occluded>0</occluded>
		<bndbox>
			<xmin>105</xmin>
			<xmax>149</xmax>
			<ymin>148</ymin>
			<ymax>228</ymax>
		</bndbox>
	</object>
	<object>
		<name>mask</name>
		<pose>Unspecified</pose>
		<truncated>0</truncated>
		<difficult>0</difficult>
		<occluded>0</occluded>
		<bndbox>
			<xmin>106</xmin>
			<xmax>149</xmax>
			<ymin>26</ymin>
			<ymax>90</ymax>
		</bndbox>
	</object>
	<object>
		<name>none</name>
		<pose>Unspecified</pose>
		<truncated>0</truncated>
		<difficult>0</difficult>
		<occluded>0</occluded>
		<bndbox>
			<xmin>25</xmin>
			<xmax>64</xmax>
			<ymin>36</ymin>
			<ymax>87</ymax>
		</bndbox>
	</object>
	<object>
		<name>mask</name>
		<pose>Unspecified</pose>
		<truncated>0</truncated>
		<difficult>0</difficult>
		<occluded>0</occluded>
		<bndbox>
			<xmin>201</xmin>
			<xmax>241</xmax>
			<ymin>69</ymin>
			<ymax>148</ymax>
		</bndbox>
	</object>
	<object>
		<name>mask</name>
		<pose>Unspecified</pose>
		<truncated>0</truncated>
		<difficult>0</difficult>
		<occluded>0</occluded>
		<bndbox>
			<xmin>376</xmin>
			<xmax>415</xmax>
			<ymin>138</ymin>
			<ymax>221</ymax>
		</bndbox>
	</object>
	<object>
		<name>mask</name>
		<pose>Unspecified</pose>
		<truncated>0</truncated>
		<difficult>0</difficult>
		<occluded>0</occluded>
		<bndbox>
			<xmin>356</xmin>
			<xmax>394</xmax>
			<ymin>54</ymin>
			<ymax>111</ymax>
		</bndbox>
	</object>
</annotation>
