<annotation>
	<folder></folder>
	<filename>200203_abcnl_prime_pannell_coronavirus_hpMain_16x9_992_jpg.rf.a88f4da4c818aa3835ebc1e3b3c51ebb.jpg</filename>
	<path>200203_abcnl_prime_pannell_coronavirus_hpMain_16x9_992_jpg.rf.a88f4da4c818aa3835ebc1e3b3c51ebb.jpg</path>
	<source>
		<database>roboflow.ai</database>
	</source>
	<size>
		<width>416</width>
		<height>416</height>
		<depth>3</depth>
	</size>
	<segmented>0</segmented>
	<object>
		<name>mask</name>
		<pose>Unspecified</pose>
		<truncated>0</truncated>
		<difficult>0</difficult>
		<occluded>0</occluded>
		<bndbox>
			<xmin>196</xmin>
			<xmax>236</xmax>
			<ymin>91</ymin>
			<ymax>164</ymax>
		</bndbox>
	</object>
	<object>
		<name>mask</name>
		<pose>Unspecified</pose>
		<truncated>0</truncated>
		<difficult>0</difficult>
		<occluded>0</occluded>
		<bndbox>
			<xmin>377</xmin>
			<xmax>405</xmax>
			<ymin>191</ymin>
			<ymax>256</ymax>
		</bndbox>
	</object>
</annotation>
