<annotation>
	<folder></folder>
	<filename>2014-02-26T035433Z_363713825_GM1EA2Q0X0E01_RTRMADP_3_CHINA-POLLUTION_0_jpg.rf.330c2e6a5cb3e7cebdead26a6a0579b7.jpg</filename>
	<path>2014-02-26T035433Z_363713825_GM1EA2Q0X0E01_RTRMADP_3_CHINA-POLLUTION_0_jpg.rf.330c2e6a5cb3e7cebdead26a6a0579b7.jpg</path>
	<source>
		<database>roboflow.ai</database>
	</source>
	<size>
		<width>416</width>
		<height>416</height>
		<depth>3</depth>
	</size>
	<segmented>0</segmented>
	<object>
		<name>mask</name>
		<pose>Unspecified</pose>
		<truncated>0</truncated>
		<difficult>0</difficult>
		<occluded>0</occluded>
		<bndbox>
			<xmin>42</xmin>
			<xmax>114</xmax>
			<ymin>252</ymin>
			<ymax>401</ymax>
		</bndbox>
	</object>
	<object>
		<name>mask</name>
		<pose>Unspecified</pose>
		<truncated>0</truncated>
		<difficult>0</difficult>
		<occluded>0</occluded>
		<bndbox>
			<xmin>56</xmin>
			<xmax>115</xmax>
			<ymin>104</ymin>
			<ymax>205</ymax>
		</bndbox>
	</object>
	<object>
		<name>mask</name>
		<pose>Unspecified</pose>
		<truncated>0</truncated>
		<difficult>0</difficult>
		<occluded>0</occluded>
		<bndbox>
			<xmin>197</xmin>
			<xmax>257</xmax>
			<ymin>143</ymin>
			<ymax>257</ymax>
		</bndbox>
	</object>
	<object>
		<name>mask</name>
		<pose>Unspecified</pose>
		<truncated>0</truncated>
		<difficult>0</difficult>
		<occluded>0</occluded>
		<bndbox>
			<xmin>323</xmin>
			<xmax>372</xmax>
			<ymin>88</ymin>
			<ymax>180</ymax>
		</bndbox>
	</object>
	<object>
		<name>none</name>
		<pose>Unspecified</pose>
		<truncated>0</truncated>
		<difficult>0</difficult>
		<occluded>0</occluded>
		<bndbox>
			<xmin>190</xmin>
			<xmax>231</xmax>
			<ymin>58</ymin>
			<ymax>110</ymax>
		</bndbox>
	</object>
</annotation>
