<annotation>
	<folder></folder>
	<filename>2015-09-28T100613Z_640118265_GF10000225000_RTRMADP_3_SINGAPORE-HAZE_jpg.rf.c22d3ec31d30bbb10a3107f825ce8342.jpg</filename>
	<path>2015-09-28T100613Z_640118265_GF10000225000_RTRMADP_3_SINGAPORE-HAZE_jpg.rf.c22d3ec31d30bbb10a3107f825ce8342.jpg</path>
	<source>
		<database>roboflow.ai</database>
	</source>
	<size>
		<width>416</width>
		<height>416</height>
		<depth>3</depth>
	</size>
	<segmented>0</segmented>
	<object>
		<name>mask</name>
		<pose>Unspecified</pose>
		<truncated>0</truncated>
		<difficult>0</difficult>
		<occluded>0</occluded>
		<bndbox>
			<xmin>47</xmin>
			<xmax>91</xmax>
			<ymin>155</ymin>
			<ymax>188</ymax>
		</bndbox>
	</object>
	<object>
		<name>mask</name>
		<pose>Unspecified</pose>
		<truncated>0</truncated>
		<difficult>0</difficult>
		<occluded>0</occluded>
		<bndbox>
			<xmin>273</xmin>
			<xmax>314</xmax>
			<ymin>66</ymin>
			<ymax>103</ymax>
		</bndbox>
	</object>
	<object>
		<name>mask</name>
		<pose>Unspecified</pose>
		<truncated>0</truncated>
		<difficult>0</difficult>
		<occluded>0</occluded>
		<bndbox>
			<xmin>281</xmin>
			<xmax>341</xmax>
			<ymin>243</ymin>
			<ymax>288</ymax>
		</bndbox>
	</object>
	<object>
		<name>none</name>
		<pose>Unspecified</pose>
		<truncated>0</truncated>
		<difficult>0</difficult>
		<occluded>0</occluded>
		<bndbox>
			<xmin>164</xmin>
			<xmax>210</xmax>
			<ymin>162</ymin>
			<ymax>202</ymax>
		</bndbox>
	</object>
	<object>
		<name>none</name>
		<pose>Unspecified</pose>
		<truncated>0</truncated>
		<difficult>0</difficult>
		<occluded>0</occluded>
		<bndbox>
			<xmin>180</xmin>
			<xmax>226</xmax>
			<ymin>104</ymin>
			<ymax>140</ymax>
		</bndbox>
	</object>
	<object>
		<name>none</name>
		<pose>Unspecified</pose>
		<truncated>0</truncated>
		<difficult>0</difficult>
		<occluded>0</occluded>
		<bndbox>
			<xmin>179</xmin>
			<xmax>218</xmax>
			<ymin>26</ymin>
			<ymax>48</ymax>
		</bndbox>
	</object>
</annotation>
