<annotation>
	<folder></folder>
	<filename>20171111234800_96_jpg.rf.451b644212dd7bbacb6ab6c3c43edf3b.jpg</filename>
	<path>20171111234800_96_jpg.rf.451b644212dd7bbacb6ab6c3c43edf3b.jpg</path>
	<source>
		<database>roboflow.ai</database>
	</source>
	<size>
		<width>416</width>
		<height>416</height>
		<depth>3</depth>
	</size>
	<segmented>0</segmented>
	<object>
		<name>mask</name>
		<pose>Unspecified</pose>
		<truncated>0</truncated>
		<difficult>0</difficult>
		<occluded>0</occluded>
		<bndbox>
			<xmin>39</xmin>
			<xmax>195</xmax>
			<ymin>115</ymin>
			<ymax>384</ymax>
		</bndbox>
	</object>
	<object>
		<name>mask</name>
		<pose>Unspecified</pose>
		<truncated>0</truncated>
		<difficult>0</difficult>
		<occluded>0</occluded>
		<bndbox>
			<xmin>219</xmin>
			<xmax>349</xmax>
			<ymin>178</ymin>
			<ymax>397</ymax>
		</bndbox>
	</object>
</annotation>
