<annotation>
	<folder></folder>
	<filename>20171106_T0207-1024x623_jpg.rf.e8554f88728a356893dfdb401e5a4c6b.jpg</filename>
	<path>20171106_T0207-1024x623_jpg.rf.e8554f88728a356893dfdb401e5a4c6b.jpg</path>
	<source>
		<database>roboflow.ai</database>
	</source>
	<size>
		<width>416</width>
		<height>416</height>
		<depth>3</depth>
	</size>
	<segmented>0</segmented>
	<object>
		<name>none</name>
		<pose>Unspecified</pose>
		<truncated>0</truncated>
		<difficult>0</difficult>
		<occluded>0</occluded>
		<bndbox>
			<xmin>166</xmin>
			<xmax>226</xmax>
			<ymin>154</ymin>
			<ymax>281</ymax>
		</bndbox>
	</object>
</annotation>
