<annotation>
	<folder></folder>
	<filename>20171106_T0204-1024x621_jpg.rf.64dfce8ab3849712ea4faed0f5cb7421.jpg</filename>
	<path>20171106_T0204-1024x621_jpg.rf.64dfce8ab3849712ea4faed0f5cb7421.jpg</path>
	<source>
		<database>roboflow.ai</database>
	</source>
	<size>
		<width>416</width>
		<height>416</height>
		<depth>3</depth>
	</size>
	<segmented>0</segmented>
	<object>
		<name>mask</name>
		<pose>Unspecified</pose>
		<truncated>0</truncated>
		<difficult>0</difficult>
		<occluded>0</occluded>
		<bndbox>
			<xmin>188</xmin>
			<xmax>257</xmax>
			<ymin>128</ymin>
			<ymax>254</ymax>
		</bndbox>
	</object>
</annotation>
