<annotation>
	<folder></folder>
	<filename>20180203222921-dadab393fb38472558f8bebc58a6006c-tablet_jpg.rf.1cc8026b639757ba9020ded127dd7f27.jpg</filename>
	<path>20180203222921-dadab393fb38472558f8bebc58a6006c-tablet_jpg.rf.1cc8026b639757ba9020ded127dd7f27.jpg</path>
	<source>
		<database>roboflow.ai</database>
	</source>
	<size>
		<width>416</width>
		<height>416</height>
		<depth>3</depth>
	</size>
	<segmented>0</segmented>
	<object>
		<name>mask</name>
		<pose>Unspecified</pose>
		<truncated>0</truncated>
		<difficult>0</difficult>
		<occluded>0</occluded>
		<bndbox>
			<xmin>95</xmin>
			<xmax>145</xmax>
			<ymin>125</ymin>
			<ymax>217</ymax>
		</bndbox>
	</object>
	<object>
		<name>mask</name>
		<pose>Unspecified</pose>
		<truncated>0</truncated>
		<difficult>0</difficult>
		<occluded>0</occluded>
		<bndbox>
			<xmin>160</xmin>
			<xmax>214</xmax>
			<ymin>160</ymin>
			<ymax>254</ymax>
		</bndbox>
	</object>
	<object>
		<name>none</name>
		<pose>Unspecified</pose>
		<truncated>0</truncated>
		<difficult>0</difficult>
		<occluded>0</occluded>
		<bndbox>
			<xmin>283</xmin>
			<xmax>352</xmax>
			<ymin>136</ymin>
			<ymax>228</ymax>
		</bndbox>
	</object>
</annotation>
