<annotation>
	<folder></folder>
	<filename>20180924203442_48b5abe63cc71d877d423d527fe4479c_2_jpg.rf.589d05794a1ed1dad691a0d0c37f6311.jpg</filename>
	<path>20180924203442_48b5abe63cc71d877d423d527fe4479c_2_jpg.rf.589d05794a1ed1dad691a0d0c37f6311.jpg</path>
	<source>
		<database>roboflow.ai</database>
	</source>
	<size>
		<width>416</width>
		<height>416</height>
		<depth>3</depth>
	</size>
	<segmented>0</segmented>
	<object>
		<name>poor</name>
		<pose>Unspecified</pose>
		<truncated>0</truncated>
		<difficult>0</difficult>
		<occluded>0</occluded>
		<bndbox>
			<xmin>107</xmin>
			<xmax>238</xmax>
			<ymin>70</ymin>
			<ymax>182</ymax>
		</bndbox>
	</object>
</annotation>
