<annotation>
	<folder></folder>
	<filename>20180927232308_67563e2a7ebff07ad2d2cf1d606fc2a3_2_jpg.rf.cbd7e8f94d737ccf2665dd47ab08155b.jpg</filename>
	<path>20180927232308_67563e2a7ebff07ad2d2cf1d606fc2a3_2_jpg.rf.cbd7e8f94d737ccf2665dd47ab08155b.jpg</path>
	<source>
		<database>roboflow.ai</database>
	</source>
	<size>
		<width>416</width>
		<height>416</height>
		<depth>3</depth>
	</size>
	<segmented>0</segmented>
	<object>
		<name>poor</name>
		<pose>Unspecified</pose>
		<truncated>0</truncated>
		<difficult>0</difficult>
		<occluded>0</occluded>
		<bndbox>
			<xmin>159</xmin>
			<xmax>280</xmax>
			<ymin>44</ymin>
			<ymax>163</ymax>
		</bndbox>
	</object>
	<object>
		<name>none</name>
		<pose>Unspecified</pose>
		<truncated>0</truncated>
		<difficult>0</difficult>
		<occluded>0</occluded>
		<bndbox>
			<xmin>275</xmin>
			<xmax>314</xmax>
			<ymin>104</ymin>
			<ymax>149</ymax>
		</bndbox>
	</object>
</annotation>
