<annotation>
	<folder></folder>
	<filename>20180927232308_67563e2a7ebff07ad2d2cf1d606fc2a3_3_jpg.rf.facfa59733a18f1fb4775713f5917f18.jpg</filename>
	<path>20180927232308_67563e2a7ebff07ad2d2cf1d606fc2a3_3_jpg.rf.facfa59733a18f1fb4775713f5917f18.jpg</path>
	<source>
		<database>roboflow.ai</database>
	</source>
	<size>
		<width>416</width>
		<height>416</height>
		<depth>3</depth>
	</size>
	<segmented>0</segmented>
	<object>
		<name>poor</name>
		<pose>Unspecified</pose>
		<truncated>0</truncated>
		<difficult>0</difficult>
		<occluded>0</occluded>
		<bndbox>
			<xmin>145</xmin>
			<xmax>259</xmax>
			<ymin>76</ymin>
			<ymax>190</ymax>
		</bndbox>
	</object>
</annotation>
