<annotation>
	<folder></folder>
	<filename>20180927232308_67563e2a7ebff07ad2d2cf1d606fc2a3_4_jpg.rf.a3aaf335c3dfb181cbd4d5c6e8a0302d.jpg</filename>
	<path>20180927232308_67563e2a7ebff07ad2d2cf1d606fc2a3_4_jpg.rf.a3aaf335c3dfb181cbd4d5c6e8a0302d.jpg</path>
	<source>
		<database>roboflow.ai</database>
	</source>
	<size>
		<width>416</width>
		<height>416</height>
		<depth>3</depth>
	</size>
	<segmented>0</segmented>
	<object>
		<name>poor</name>
		<pose>Unspecified</pose>
		<truncated>0</truncated>
		<difficult>0</difficult>
		<occluded>0</occluded>
		<bndbox>
			<xmin>121</xmin>
			<xmax>285</xmax>
			<ymin>83</ymin>
			<ymax>256</ymax>
		</bndbox>
	</object>
</annotation>
