<annotation>
	<folder></folder>
	<filename>20180424112615601_jpg.rf.599068978bfcd27e78530ea043b070e0.jpg</filename>
	<path>20180424112615601_jpg.rf.599068978bfcd27e78530ea043b070e0.jpg</path>
	<source>
		<database>roboflow.ai</database>
	</source>
	<size>
		<width>416</width>
		<height>416</height>
		<depth>3</depth>
	</size>
	<segmented>0</segmented>
	<object>
		<name>poor</name>
		<pose>Unspecified</pose>
		<truncated>0</truncated>
		<difficult>0</difficult>
		<occluded>0</occluded>
		<bndbox>
			<xmin>3</xmin>
			<xmax>100</xmax>
			<ymin>120</ymin>
			<ymax>300</ymax>
		</bndbox>
	</object>
	<object>
		<name>mask</name>
		<pose>Unspecified</pose>
		<truncated>0</truncated>
		<difficult>0</difficult>
		<occluded>0</occluded>
		<bndbox>
			<xmin>152</xmin>
			<xmax>260</xmax>
			<ymin>52</ymin>
			<ymax>258</ymax>
		</bndbox>
	</object>
	<object>
		<name>none</name>
		<pose>Unspecified</pose>
		<truncated>0</truncated>
		<difficult>0</difficult>
		<occluded>0</occluded>
		<bndbox>
			<xmin>299</xmin>
			<xmax>357</xmax>
			<ymin>332</ymin>
			<ymax>416</ymax>
		</bndbox>
	</object>
</annotation>
