<annotation>
	<folder></folder>
	<filename>20180227002525_jpg.rf.be3f9b302091371c13be31dc6926c31f.jpg</filename>
	<path>20180227002525_jpg.rf.be3f9b302091371c13be31dc6926c31f.jpg</path>
	<source>
		<database>roboflow.ai</database>
	</source>
	<size>
		<width>416</width>
		<height>416</height>
		<depth>3</depth>
	</size>
	<segmented>0</segmented>
	<object>
		<name>mask</name>
		<pose>Unspecified</pose>
		<truncated>0</truncated>
		<difficult>0</difficult>
		<occluded>0</occluded>
		<bndbox>
			<xmin>156</xmin>
			<xmax>232</xmax>
			<ymin>103</ymin>
			<ymax>250</ymax>
		</bndbox>
	</object>
</annotation>
