<annotation>
	<folder></folder>
	<filename>20190108213102_41_jpg.rf.2e5e1bc29463d8cfc2a97b5f9f0d48b5.jpg</filename>
	<path>20190108213102_41_jpg.rf.2e5e1bc29463d8cfc2a97b5f9f0d48b5.jpg</path>
	<source>
		<database>roboflow.ai</database>
	</source>
	<size>
		<width>416</width>
		<height>416</height>
		<depth>3</depth>
	</size>
	<segmented>0</segmented>
	<object>
		<name>mask</name>
		<pose>Unspecified</pose>
		<truncated>0</truncated>
		<difficult>0</difficult>
		<occluded>0</occluded>
		<bndbox>
			<xmin>129</xmin>
			<xmax>191</xmax>
			<ymin>172</ymin>
			<ymax>270</ymax>
		</bndbox>
	</object>
	<object>
		<name>mask</name>
		<pose>Unspecified</pose>
		<truncated>0</truncated>
		<difficult>0</difficult>
		<occluded>0</occluded>
		<bndbox>
			<xmin>283</xmin>
			<xmax>333</xmax>
			<ymin>181</ymin>
			<ymax>253</ymax>
		</bndbox>
	</object>
</annotation>
