<annotation>
	<folder></folder>
	<filename>20190912FL4_jpg.rf.3869a11d6dd5828d7708edf093d59f08.jpg</filename>
	<path>20190912FL4_jpg.rf.3869a11d6dd5828d7708edf093d59f08.jpg</path>
	<source>
		<database>roboflow.ai</database>
	</source>
	<size>
		<width>416</width>
		<height>416</height>
		<depth>3</depth>
	</size>
	<segmented>0</segmented>
	<object>
		<name>mask</name>
		<pose>Unspecified</pose>
		<truncated>0</truncated>
		<difficult>0</difficult>
		<occluded>0</occluded>
		<bndbox>
			<xmin>202</xmin>
			<xmax>239</xmax>
			<ymin>149</ymin>
			<ymax>204</ymax>
		</bndbox>
	</object>
	<object>
		<name>none</name>
		<pose>Unspecified</pose>
		<truncated>0</truncated>
		<difficult>0</difficult>
		<occluded>0</occluded>
		<bndbox>
			<xmin>263</xmin>
			<xmax>296</xmax>
			<ymin>169</ymin>
			<ymax>219</ymax>
		</bndbox>
	</object>
</annotation>
