<annotation>
	<folder></folder>
	<filename>20190704161622_5_jpg.rf.7a6398f74ee05131fc463ca341abf0a5.jpg</filename>
	<path>20190704161622_5_jpg.rf.7a6398f74ee05131fc463ca341abf0a5.jpg</path>
	<source>
		<database>roboflow.ai</database>
	</source>
	<size>
		<width>416</width>
		<height>416</height>
		<depth>3</depth>
	</size>
	<segmented>0</segmented>
	<object>
		<name>mask</name>
		<pose>Unspecified</pose>
		<truncated>0</truncated>
		<difficult>0</difficult>
		<occluded>0</occluded>
		<bndbox>
			<xmin>259</xmin>
			<xmax>295</xmax>
			<ymin>87</ymin>
			<ymax>114</ymax>
		</bndbox>
	</object>
</annotation>
