<annotation>
	<folder></folder>
	<filename>20200124000104_jpg.rf.ae20910fd161b278c300f2c29ee5c27b.jpg</filename>
	<path>20200124000104_jpg.rf.ae20910fd161b278c300f2c29ee5c27b.jpg</path>
	<source>
		<database>roboflow.ai</database>
	</source>
	<size>
		<width>416</width>
		<height>416</height>
		<depth>3</depth>
	</size>
	<segmented>0</segmented>
	<object>
		<name>mask</name>
		<pose>Unspecified</pose>
		<truncated>0</truncated>
		<difficult>0</difficult>
		<occluded>0</occluded>
		<bndbox>
			<xmin>72</xmin>
			<xmax>103</xmax>
			<ymin>204</ymin>
			<ymax>242</ymax>
		</bndbox>
	</object>
	<object>
		<name>mask</name>
		<pose>Unspecified</pose>
		<truncated>0</truncated>
		<difficult>0</difficult>
		<occluded>0</occluded>
		<bndbox>
			<xmin>217</xmin>
			<xmax>257</xmax>
			<ymin>31</ymin>
			<ymax>78</ymax>
		</bndbox>
	</object>
</annotation>
