<annotation>
	<folder></folder>
	<filename>2020_0120_7f239fc9j00q4e1uf001mc000xc00irc_jpg.rf.ac20145371dedcea78d2b81480b53e12.jpg</filename>
	<path>2020_0120_7f239fc9j00q4e1uf001mc000xc00irc_jpg.rf.ac20145371dedcea78d2b81480b53e12.jpg</path>
	<source>
		<database>roboflow.ai</database>
	</source>
	<size>
		<width>416</width>
		<height>416</height>
		<depth>3</depth>
	</size>
	<segmented>0</segmented>
	<object>
		<name>mask</name>
		<pose>Unspecified</pose>
		<truncated>0</truncated>
		<difficult>0</difficult>
		<occluded>0</occluded>
		<bndbox>
			<xmin>80</xmin>
			<xmax>136</xmax>
			<ymin>127</ymin>
			<ymax>207</ymax>
		</bndbox>
	</object>
	<object>
		<name>mask</name>
		<pose>Unspecified</pose>
		<truncated>0</truncated>
		<difficult>0</difficult>
		<occluded>0</occluded>
		<bndbox>
			<xmin>291</xmin>
			<xmax>342</xmax>
			<ymin>100</ymin>
			<ymax>184</ymax>
		</bndbox>
	</object>
</annotation>
