<annotation>
	<folder></folder>
	<filename>20200213190454409_jpg.rf.f8bc0c6efac71f62a6647e136edf2bcc.jpg</filename>
	<path>20200213190454409_jpg.rf.f8bc0c6efac71f62a6647e136edf2bcc.jpg</path>
	<source>
		<database>roboflow.ai</database>
	</source>
	<size>
		<width>416</width>
		<height>416</height>
		<depth>3</depth>
	</size>
	<segmented>0</segmented>
	<object>
		<name>mask</name>
		<pose>Unspecified</pose>
		<truncated>0</truncated>
		<difficult>0</difficult>
		<occluded>0</occluded>
		<bndbox>
			<xmin>117</xmin>
			<xmax>139</xmax>
			<ymin>100</ymin>
			<ymax>134</ymax>
		</bndbox>
	</object>
	<object>
		<name>mask</name>
		<pose>Unspecified</pose>
		<truncated>0</truncated>
		<difficult>0</difficult>
		<occluded>0</occluded>
		<bndbox>
			<xmin>282</xmin>
			<xmax>309</xmax>
			<ymin>50</ymin>
			<ymax>89</ymax>
		</bndbox>
	</object>
</annotation>
