<annotation>
	<folder></folder>
	<filename>20200126000588_jpg.rf.9bfd2a3db79987bd507c7114de3373da.jpg</filename>
	<path>20200126000588_jpg.rf.9bfd2a3db79987bd507c7114de3373da.jpg</path>
	<source>
		<database>roboflow.ai</database>
	</source>
	<size>
		<width>416</width>
		<height>416</height>
		<depth>3</depth>
	</size>
	<segmented>0</segmented>
	<object>
		<name>mask</name>
		<pose>Unspecified</pose>
		<truncated>0</truncated>
		<difficult>0</difficult>
		<occluded>0</occluded>
		<bndbox>
			<xmin>175</xmin>
			<xmax>243</xmax>
			<ymin>100</ymin>
			<ymax>216</ymax>
		</bndbox>
	</object>
	<object>
		<name>none</name>
		<pose>Unspecified</pose>
		<truncated>0</truncated>
		<difficult>0</difficult>
		<occluded>0</occluded>
		<bndbox>
			<xmin>321</xmin>
			<xmax>382</xmax>
			<ymin>185</ymin>
			<ymax>297</ymax>
		</bndbox>
	</object>
	<object>
		<name>none</name>
		<pose>Unspecified</pose>
		<truncated>0</truncated>
		<difficult>0</difficult>
		<occluded>0</occluded>
		<bndbox>
			<xmin>230</xmin>
			<xmax>276</xmax>
			<ymin>154</ymin>
			<ymax>227</ymax>
		</bndbox>
	</object>
</annotation>
