<annotation>
	<folder></folder>
	<filename>20200123T1053-33328-CNS-CHINA-CHURCHES-CORONAVIRUS-scaled-e1579797785856-1024x575_jpg.rf.d89dcc233fc84af0b302587e7f41cba6.jpg</filename>
	<path>20200123T1053-33328-CNS-CHINA-CHURCHES-CORONAVIRUS-scaled-e1579797785856-1024x575_jpg.rf.d89dcc233fc84af0b302587e7f41cba6.jpg</path>
	<source>
		<database>roboflow.ai</database>
	</source>
	<size>
		<width>416</width>
		<height>416</height>
		<depth>3</depth>
	</size>
	<segmented>0</segmented>
	<object>
		<name>mask</name>
		<pose>Unspecified</pose>
		<truncated>0</truncated>
		<difficult>0</difficult>
		<occluded>0</occluded>
		<bndbox>
			<xmin>353</xmin>
			<xmax>366</xmax>
			<ymin>270</ymin>
			<ymax>293</ymax>
		</bndbox>
	</object>
	<object>
		<name>mask</name>
		<pose>Unspecified</pose>
		<truncated>0</truncated>
		<difficult>0</difficult>
		<occluded>0</occluded>
		<bndbox>
			<xmin>51</xmin>
			<xmax>61</xmax>
			<ymin>291</ymin>
			<ymax>309</ymax>
		</bndbox>
	</object>
</annotation>
