<annotation>
	<folder></folder>
	<filename>2020_01_30_85529_1580351638_jpg.rf.913453d57d26111436c0c8d2bd89c7a3.jpg</filename>
	<path>2020_01_30_85529_1580351638_jpg.rf.913453d57d26111436c0c8d2bd89c7a3.jpg</path>
	<source>
		<database>roboflow.ai</database>
	</source>
	<size>
		<width>416</width>
		<height>416</height>
		<depth>3</depth>
	</size>
	<segmented>0</segmented>
	<object>
		<name>mask</name>
		<pose>Unspecified</pose>
		<truncated>0</truncated>
		<difficult>0</difficult>
		<occluded>0</occluded>
		<bndbox>
			<xmin>116</xmin>
			<xmax>152</xmax>
			<ymin>166</ymin>
			<ymax>257</ymax>
		</bndbox>
	</object>
	<object>
		<name>mask</name>
		<pose>Unspecified</pose>
		<truncated>0</truncated>
		<difficult>0</difficult>
		<occluded>0</occluded>
		<bndbox>
			<xmin>202</xmin>
			<xmax>233</xmax>
			<ymin>180</ymin>
			<ymax>257</ymax>
		</bndbox>
	</object>
	<object>
		<name>mask</name>
		<pose>Unspecified</pose>
		<truncated>0</truncated>
		<difficult>0</difficult>
		<occluded>0</occluded>
		<bndbox>
			<xmin>23</xmin>
			<xmax>52</xmax>
			<ymin>188</ymin>
			<ymax>252</ymax>
		</bndbox>
	</object>
</annotation>
