<annotation>
	<folder></folder>
	<filename>20200204102034251866_jpg.rf.bbefbcb432b7a5e4e4f0e6ebe0ba2396.jpg</filename>
	<path>20200204102034251866_jpg.rf.bbefbcb432b7a5e4e4f0e6ebe0ba2396.jpg</path>
	<source>
		<database>roboflow.ai</database>
	</source>
	<size>
		<width>416</width>
		<height>416</height>
		<depth>3</depth>
	</size>
	<segmented>0</segmented>
	<object>
		<name>mask</name>
		<pose>Unspecified</pose>
		<truncated>0</truncated>
		<difficult>0</difficult>
		<occluded>0</occluded>
		<bndbox>
			<xmin>140</xmin>
			<xmax>200</xmax>
			<ymin>134</ymin>
			<ymax>232</ymax>
		</bndbox>
	</object>
	<object>
		<name>mask</name>
		<pose>Unspecified</pose>
		<truncated>0</truncated>
		<difficult>0</difficult>
		<occluded>0</occluded>
		<bndbox>
			<xmin>311</xmin>
			<xmax>369</xmax>
			<ymin>248</ymin>
			<ymax>338</ymax>
		</bndbox>
	</object>
</annotation>
