<annotation>
	<folder></folder>
	<filename>2020_01_25_85193_1579923621_jpg.rf.97bdb1730999349c8db90b0f50b92ea0.jpg</filename>
	<path>2020_01_25_85193_1579923621_jpg.rf.97bdb1730999349c8db90b0f50b92ea0.jpg</path>
	<source>
		<database>roboflow.ai</database>
	</source>
	<size>
		<width>416</width>
		<height>416</height>
		<depth>3</depth>
	</size>
	<segmented>0</segmented>
	<object>
		<name>mask</name>
		<pose>Unspecified</pose>
		<truncated>0</truncated>
		<difficult>0</difficult>
		<occluded>0</occluded>
		<bndbox>
			<xmin>183</xmin>
			<xmax>233</xmax>
			<ymin>146</ymin>
			<ymax>232</ymax>
		</bndbox>
	</object>
	<object>
		<name>none</name>
		<pose>Unspecified</pose>
		<truncated>0</truncated>
		<difficult>0</difficult>
		<occluded>0</occluded>
		<bndbox>
			<xmin>386</xmin>
			<xmax>416</xmax>
			<ymin>169</ymin>
			<ymax>224</ymax>
		</bndbox>
	</object>
</annotation>
