<annotation>
	<folder></folder>
	<filename>2020021418015630512_jpg.rf.25cf4e4e6e7ebb4ef5296ec5f701ed0c.jpg</filename>
	<path>2020021418015630512_jpg.rf.25cf4e4e6e7ebb4ef5296ec5f701ed0c.jpg</path>
	<source>
		<database>roboflow.ai</database>
	</source>
	<size>
		<width>416</width>
		<height>416</height>
		<depth>3</depth>
	</size>
	<segmented>0</segmented>
	<object>
		<name>mask</name>
		<pose>Unspecified</pose>
		<truncated>0</truncated>
		<difficult>0</difficult>
		<occluded>0</occluded>
		<bndbox>
			<xmin>248</xmin>
			<xmax>277</xmax>
			<ymin>138</ymin>
			<ymax>179</ymax>
		</bndbox>
	</object>
	<object>
		<name>mask</name>
		<pose>Unspecified</pose>
		<truncated>0</truncated>
		<difficult>0</difficult>
		<occluded>0</occluded>
		<bndbox>
			<xmin>200</xmin>
			<xmax>221</xmax>
			<ymin>169</ymin>
			<ymax>195</ymax>
		</bndbox>
	</object>
	<object>
		<name>mask</name>
		<pose>Unspecified</pose>
		<truncated>0</truncated>
		<difficult>0</difficult>
		<occluded>0</occluded>
		<bndbox>
			<xmin>23</xmin>
			<xmax>73</xmax>
			<ymin>32</ymin>
			<ymax>102</ymax>
		</bndbox>
	</object>
	<object>
		<name>mask</name>
		<pose>Unspecified</pose>
		<truncated>0</truncated>
		<difficult>0</difficult>
		<occluded>0</occluded>
		<bndbox>
			<xmin>350</xmin>
			<xmax>358</xmax>
			<ymin>196</ymin>
			<ymax>208</ymax>
		</bndbox>
	</object>
</annotation>
