<annotation>
	<folder></folder>
	<filename>20200128001132_jpg.rf.0f08be73cd770e8487bcd6111d47d193.jpg</filename>
	<path>20200128001132_jpg.rf.0f08be73cd770e8487bcd6111d47d193.jpg</path>
	<source>
		<database>roboflow.ai</database>
	</source>
	<size>
		<width>416</width>
		<height>416</height>
		<depth>3</depth>
	</size>
	<segmented>0</segmented>
	<object>
		<name>mask</name>
		<pose>Unspecified</pose>
		<truncated>0</truncated>
		<difficult>0</difficult>
		<occluded>0</occluded>
		<bndbox>
			<xmin>92</xmin>
			<xmax>126</xmax>
			<ymin>216</ymin>
			<ymax>290</ymax>
		</bndbox>
	</object>
	<object>
		<name>mask</name>
		<pose>Unspecified</pose>
		<truncated>0</truncated>
		<difficult>0</difficult>
		<occluded>0</occluded>
		<bndbox>
			<xmin>120</xmin>
			<xmax>145</xmax>
			<ymin>175</ymin>
			<ymax>241</ymax>
		</bndbox>
	</object>
	<object>
		<name>mask</name>
		<pose>Unspecified</pose>
		<truncated>0</truncated>
		<difficult>0</difficult>
		<occluded>0</occluded>
		<bndbox>
			<xmin>172</xmin>
			<xmax>203</xmax>
			<ymin>159</ymin>
			<ymax>197</ymax>
		</bndbox>
	</object>
	<object>
		<name>mask</name>
		<pose>Unspecified</pose>
		<truncated>0</truncated>
		<difficult>0</difficult>
		<occluded>0</occluded>
		<bndbox>
			<xmin>280</xmin>
			<xmax>299</xmax>
			<ymin>107</ymin>
			<ymax>134</ymax>
		</bndbox>
	</object>
</annotation>
