<annotation>
	<folder></folder>
	<filename>20200102re0204-810x424_jpg.rf.ea4181b52b684cf72f7efa526f14372d.jpg</filename>
	<path>20200102re0204-810x424_jpg.rf.ea4181b52b684cf72f7efa526f14372d.jpg</path>
	<source>
		<database>roboflow.ai</database>
	</source>
	<size>
		<width>416</width>
		<height>416</height>
		<depth>3</depth>
	</size>
	<segmented>0</segmented>
	<object>
		<name>poor</name>
		<pose>Unspecified</pose>
		<truncated>0</truncated>
		<difficult>0</difficult>
		<occluded>0</occluded>
		<bndbox>
			<xmin>170</xmin>
			<xmax>251</xmax>
			<ymin>161</ymin>
			<ymax>343</ymax>
		</bndbox>
	</object>
</annotation>
