<annotation>
	<folder></folder>
	<filename>20200206132618-c9fcbba8_jpg.rf.cf5362ab97e3cd2c6c64ed0f86ecb7ca.jpg</filename>
	<path>20200206132618-c9fcbba8_jpg.rf.cf5362ab97e3cd2c6c64ed0f86ecb7ca.jpg</path>
	<source>
		<database>roboflow.ai</database>
	</source>
	<size>
		<width>416</width>
		<height>416</height>
		<depth>3</depth>
	</size>
	<segmented>0</segmented>
	<object>
		<name>mask</name>
		<pose>Unspecified</pose>
		<truncated>0</truncated>
		<difficult>0</difficult>
		<occluded>0</occluded>
		<bndbox>
			<xmin>237</xmin>
			<xmax>263</xmax>
			<ymin>79</ymin>
			<ymax>141</ymax>
		</bndbox>
	</object>
	<object>
		<name>mask</name>
		<pose>Unspecified</pose>
		<truncated>0</truncated>
		<difficult>0</difficult>
		<occluded>0</occluded>
		<bndbox>
			<xmin>292</xmin>
			<xmax>320</xmax>
			<ymin>244</ymin>
			<ymax>288</ymax>
		</bndbox>
	</object>
</annotation>
