<annotation>
	<folder></folder>
	<filename>21812800265386_863_jpg.rf.df6868e56558000bfdc322986e35e454.jpg</filename>
	<path>21812800265386_863_jpg.rf.df6868e56558000bfdc322986e35e454.jpg</path>
	<source>
		<database>roboflow.ai</database>
	</source>
	<size>
		<width>416</width>
		<height>416</height>
		<depth>3</depth>
	</size>
	<segmented>0</segmented>
	<object>
		<name>mask</name>
		<pose>Unspecified</pose>
		<truncated>0</truncated>
		<difficult>0</difficult>
		<occluded>0</occluded>
		<bndbox>
			<xmin>47</xmin>
			<xmax>118</xmax>
			<ymin>49</ymin>
			<ymax>135</ymax>
		</bndbox>
	</object>
	<object>
		<name>mask</name>
		<pose>Unspecified</pose>
		<truncated>0</truncated>
		<difficult>0</difficult>
		<occluded>0</occluded>
		<bndbox>
			<xmin>233</xmin>
			<xmax>363</xmax>
			<ymin>257</ymin>
			<ymax>387</ymax>
		</bndbox>
	</object>
</annotation>
