<annotation>
	<folder></folder>
	<filename>23012020_VirusMacau(cover)_AFP_jpg.rf.5ba2efb82cf0fefa18dec91f91ae9e41.jpg</filename>
	<path>23012020_VirusMacau(cover)_AFP_jpg.rf.5ba2efb82cf0fefa18dec91f91ae9e41.jpg</path>
	<source>
		<database>roboflow.ai</database>
	</source>
	<size>
		<width>416</width>
		<height>416</height>
		<depth>3</depth>
	</size>
	<segmented>0</segmented>
	<object>
		<name>mask</name>
		<pose>Unspecified</pose>
		<truncated>0</truncated>
		<difficult>0</difficult>
		<occluded>0</occluded>
		<bndbox>
			<xmin>233</xmin>
			<xmax>267</xmax>
			<ymin>159</ymin>
			<ymax>211</ymax>
		</bndbox>
	</object>
	<object>
		<name>mask</name>
		<pose>Unspecified</pose>
		<truncated>0</truncated>
		<difficult>0</difficult>
		<occluded>0</occluded>
		<bndbox>
			<xmin>139</xmin>
			<xmax>164</xmax>
			<ymin>196</ymin>
			<ymax>232</ymax>
		</bndbox>
	</object>
</annotation>
