<annotation>
	<folder></folder>
	<filename>265_mask_jpg.rf.ee7c8e02cf8288996b7f7bec1aaf2439.jpg</filename>
	<path>265_mask_jpg.rf.ee7c8e02cf8288996b7f7bec1aaf2439.jpg</path>
	<source>
		<database>roboflow.ai</database>
	</source>
	<size>
		<width>416</width>
		<height>416</height>
		<depth>3</depth>
	</size>
	<segmented>0</segmented>
	<object>
		<name>mask</name>
		<pose>Unspecified</pose>
		<truncated>0</truncated>
		<difficult>0</difficult>
		<occluded>0</occluded>
		<bndbox>
			<xmin>147</xmin>
			<xmax>402</xmax>
			<ymin>48</ymin>
			<ymax>394</ymax>
		</bndbox>
	</object>
</annotation>
