<annotation>
	<folder></folder>
	<filename>266_mask_jpg.rf.6df1023dbab5a64397131e3fc233f26b.jpg</filename>
	<path>266_mask_jpg.rf.6df1023dbab5a64397131e3fc233f26b.jpg</path>
	<source>
		<database>roboflow.ai</database>
	</source>
	<size>
		<width>416</width>
		<height>416</height>
		<depth>3</depth>
	</size>
	<segmented>0</segmented>
	<object>
		<name>mask</name>
		<pose>Unspecified</pose>
		<truncated>0</truncated>
		<difficult>0</difficult>
		<occluded>0</occluded>
		<bndbox>
			<xmin>285</xmin>
			<xmax>316</xmax>
			<ymin>25</ymin>
			<ymax>76</ymax>
		</bndbox>
	</object>
</annotation>
