<annotation>
	<folder></folder>
	<filename>269_mask_jpg.rf.bcdce6487cb958c69f42275bba6fd8f4.jpg</filename>
	<path>269_mask_jpg.rf.bcdce6487cb958c69f42275bba6fd8f4.jpg</path>
	<source>
		<database>roboflow.ai</database>
	</source>
	<size>
		<width>416</width>
		<height>416</height>
		<depth>3</depth>
	</size>
	<segmented>0</segmented>
	<object>
		<name>mask</name>
		<pose>Unspecified</pose>
		<truncated>0</truncated>
		<difficult>0</difficult>
		<occluded>0</occluded>
		<bndbox>
			<xmin>108</xmin>
			<xmax>158</xmax>
			<ymin>108</ymin>
			<ymax>249</ymax>
		</bndbox>
	</object>
</annotation>
