<annotation>
	<folder></folder>
	<filename>270927388_jpg.rf.a7e8788bea67e1a7f20beda61dc2a307.jpg</filename>
	<path>270927388_jpg.rf.a7e8788bea67e1a7f20beda61dc2a307.jpg</path>
	<source>
		<database>roboflow.ai</database>
	</source>
	<size>
		<width>416</width>
		<height>416</height>
		<depth>3</depth>
	</size>
	<segmented>0</segmented>
	<object>
		<name>mask</name>
		<pose>Unspecified</pose>
		<truncated>0</truncated>
		<difficult>0</difficult>
		<occluded>0</occluded>
		<bndbox>
			<xmin>196</xmin>
			<xmax>251</xmax>
			<ymin>104</ymin>
			<ymax>182</ymax>
		</bndbox>
	</object>
</annotation>
