<annotation>
	<folder></folder>
	<filename>274_mask_jpg.rf.0abba767d9801d67d4c4b95f2879600b.jpg</filename>
	<path>274_mask_jpg.rf.0abba767d9801d67d4c4b95f2879600b.jpg</path>
	<source>
		<database>roboflow.ai</database>
	</source>
	<size>
		<width>416</width>
		<height>416</height>
		<depth>3</depth>
	</size>
	<segmented>0</segmented>
	<object>
		<name>mask</name>
		<pose>Unspecified</pose>
		<truncated>0</truncated>
		<difficult>0</difficult>
		<occluded>0</occluded>
		<bndbox>
			<xmin>135</xmin>
			<xmax>245</xmax>
			<ymin>70</ymin>
			<ymax>308</ymax>
		</bndbox>
	</object>
	<object>
		<name>mask</name>
		<pose>Unspecified</pose>
		<truncated>0</truncated>
		<difficult>0</difficult>
		<occluded>0</occluded>
		<bndbox>
			<xmin>1</xmin>
			<xmax>99</xmax>
			<ymin>12</ymin>
			<ymax>207</ymax>
		</bndbox>
	</object>
	<object>
		<name>mask</name>
		<pose>Unspecified</pose>
		<truncated>0</truncated>
		<difficult>0</difficult>
		<occluded>0</occluded>
		<bndbox>
			<xmin>329</xmin>
			<xmax>413</xmax>
			<ymin>92</ymin>
			<ymax>283</ymax>
		</bndbox>
	</object>
</annotation>
