<annotation>
	<folder></folder>
	<filename>276_mask_jpg.rf.141cdf60f8710505dea26a4348d93392.jpg</filename>
	<path>276_mask_jpg.rf.141cdf60f8710505dea26a4348d93392.jpg</path>
	<source>
		<database>roboflow.ai</database>
	</source>
	<size>
		<width>416</width>
		<height>416</height>
		<depth>3</depth>
	</size>
	<segmented>0</segmented>
	<object>
		<name>mask</name>
		<pose>Unspecified</pose>
		<truncated>0</truncated>
		<difficult>0</difficult>
		<occluded>0</occluded>
		<bndbox>
			<xmin>33</xmin>
			<xmax>134</xmax>
			<ymin>182</ymin>
			<ymax>344</ymax>
		</bndbox>
	</object>
	<object>
		<name>mask</name>
		<pose>Unspecified</pose>
		<truncated>0</truncated>
		<difficult>0</difficult>
		<occluded>0</occluded>
		<bndbox>
			<xmin>151</xmin>
			<xmax>232</xmax>
			<ymin>116</ymin>
			<ymax>225</ymax>
		</bndbox>
	</object>
	<object>
		<name>mask</name>
		<pose>Unspecified</pose>
		<truncated>0</truncated>
		<difficult>0</difficult>
		<occluded>0</occluded>
		<bndbox>
			<xmin>282</xmin>
			<xmax>383</xmax>
			<ymin>165</ymin>
			<ymax>331</ymax>
		</bndbox>
	</object>
</annotation>
