<annotation>
	<folder></folder>
	<filename>277_mask_jpg.rf.ae7b05d928e512e135f9bee71de156c7.jpg</filename>
	<path>277_mask_jpg.rf.ae7b05d928e512e135f9bee71de156c7.jpg</path>
	<source>
		<database>roboflow.ai</database>
	</source>
	<size>
		<width>416</width>
		<height>416</height>
		<depth>3</depth>
	</size>
	<segmented>0</segmented>
	<object>
		<name>mask</name>
		<pose>Unspecified</pose>
		<truncated>0</truncated>
		<difficult>0</difficult>
		<occluded>0</occluded>
		<bndbox>
			<xmin>194</xmin>
			<xmax>312</xmax>
			<ymin>63</ymin>
			<ymax>260</ymax>
		</bndbox>
	</object>
	<object>
		<name>mask</name>
		<pose>Unspecified</pose>
		<truncated>0</truncated>
		<difficult>0</difficult>
		<occluded>0</occluded>
		<bndbox>
			<xmin>30</xmin>
			<xmax>107</xmax>
			<ymin>54</ymin>
			<ymax>188</ymax>
		</bndbox>
	</object>
	<object>
		<name>mask</name>
		<pose>Unspecified</pose>
		<truncated>0</truncated>
		<difficult>0</difficult>
		<occluded>0</occluded>
		<bndbox>
			<xmin>141</xmin>
			<xmax>185</xmax>
			<ymin>92</ymin>
			<ymax>158</ymax>
		</bndbox>
	</object>
	<object>
		<name>mask</name>
		<pose>Unspecified</pose>
		<truncated>0</truncated>
		<difficult>0</difficult>
		<occluded>0</occluded>
		<bndbox>
			<xmin>1</xmin>
			<xmax>30</xmax>
			<ymin>46</ymin>
			<ymax>152</ymax>
		</bndbox>
	</object>
</annotation>
