<annotation>
	<folder></folder>
	<filename>278_mask_jpg.rf.d1ee43f5a659dfeba271767f71d99ffb.jpg</filename>
	<path>278_mask_jpg.rf.d1ee43f5a659dfeba271767f71d99ffb.jpg</path>
	<source>
		<database>roboflow.ai</database>
	</source>
	<size>
		<width>416</width>
		<height>416</height>
		<depth>3</depth>
	</size>
	<segmented>0</segmented>
	<object>
		<name>mask</name>
		<pose>Unspecified</pose>
		<truncated>0</truncated>
		<difficult>0</difficult>
		<occluded>0</occluded>
		<bndbox>
			<xmin>169</xmin>
			<xmax>311</xmax>
			<ymin>133</ymin>
			<ymax>402</ymax>
		</bndbox>
	</object>
</annotation>
