<annotation>
	<folder></folder>
	<filename>279_mask_jpg.rf.5589985c7b0f34c348fa6bd7d007912f.jpg</filename>
	<path>279_mask_jpg.rf.5589985c7b0f34c348fa6bd7d007912f.jpg</path>
	<source>
		<database>roboflow.ai</database>
	</source>
	<size>
		<width>416</width>
		<height>416</height>
		<depth>3</depth>
	</size>
	<segmented>0</segmented>
	<object>
		<name>mask</name>
		<pose>Unspecified</pose>
		<truncated>0</truncated>
		<difficult>0</difficult>
		<occluded>0</occluded>
		<bndbox>
			<xmin>199</xmin>
			<xmax>317</xmax>
			<ymin>98</ymin>
			<ymax>382</ymax>
		</bndbox>
	</object>
	<object>
		<name>mask</name>
		<pose>Unspecified</pose>
		<truncated>0</truncated>
		<difficult>0</difficult>
		<occluded>0</occluded>
		<bndbox>
			<xmin>90</xmin>
			<xmax>200</xmax>
			<ymin>140</ymin>
			<ymax>360</ymax>
		</bndbox>
	</object>
</annotation>
