<annotation>
	<folder></folder>
	<filename>281_mask_jpg.rf.3523afde302297aaa7709d21ba43e49f.jpg</filename>
	<path>281_mask_jpg.rf.3523afde302297aaa7709d21ba43e49f.jpg</path>
	<source>
		<database>roboflow.ai</database>
	</source>
	<size>
		<width>416</width>
		<height>416</height>
		<depth>3</depth>
	</size>
	<segmented>0</segmented>
	<object>
		<name>mask</name>
		<pose>Unspecified</pose>
		<truncated>0</truncated>
		<difficult>0</difficult>
		<occluded>0</occluded>
		<bndbox>
			<xmin>77</xmin>
			<xmax>336</xmax>
			<ymin>11</ymin>
			<ymax>396</ymax>
		</bndbox>
	</object>
</annotation>
