<annotation>
	<folder></folder>
	<filename>284423_1453686934636_jpg.rf.f02d8b9236a2f521a6c48e01bd147ab8.jpg</filename>
	<path>284423_1453686934636_jpg.rf.f02d8b9236a2f521a6c48e01bd147ab8.jpg</path>
	<source>
		<database>roboflow.ai</database>
	</source>
	<size>
		<width>416</width>
		<height>416</height>
		<depth>3</depth>
	</size>
	<segmented>0</segmented>
	<object>
		<name>mask</name>
		<pose>Unspecified</pose>
		<truncated>0</truncated>
		<difficult>0</difficult>
		<occluded>0</occluded>
		<bndbox>
			<xmin>68</xmin>
			<xmax>142</xmax>
			<ymin>186</ymin>
			<ymax>273</ymax>
		</bndbox>
	</object>
	<object>
		<name>mask</name>
		<pose>Unspecified</pose>
		<truncated>0</truncated>
		<difficult>0</difficult>
		<occluded>0</occluded>
		<bndbox>
			<xmin>264</xmin>
			<xmax>345</xmax>
			<ymin>196</ymin>
			<ymax>287</ymax>
		</bndbox>
	</object>
</annotation>
