<annotation>
	<folder></folder>
	<filename>28471483_1935501413188977_1651704873068168313_n_jpg.rf.3fd45ab08195923233a30a9ae5fda90c.jpg</filename>
	<path>28471483_1935501413188977_1651704873068168313_n_jpg.rf.3fd45ab08195923233a30a9ae5fda90c.jpg</path>
	<source>
		<database>roboflow.ai</database>
	</source>
	<size>
		<width>416</width>
		<height>416</height>
		<depth>3</depth>
	</size>
	<segmented>0</segmented>
	<object>
		<name>mask</name>
		<pose>Unspecified</pose>
		<truncated>0</truncated>
		<difficult>0</difficult>
		<occluded>0</occluded>
		<bndbox>
			<xmin>18</xmin>
			<xmax>134</xmax>
			<ymin>182</ymin>
			<ymax>264</ymax>
		</bndbox>
	</object>
	<object>
		<name>mask</name>
		<pose>Unspecified</pose>
		<truncated>0</truncated>
		<difficult>0</difficult>
		<occluded>0</occluded>
		<bndbox>
			<xmin>184</xmin>
			<xmax>358</xmax>
			<ymin>59</ymin>
			<ymax>179</ymax>
		</bndbox>
	</object>
</annotation>
