<annotation>
	<folder></folder>
	<filename>285_mask_jpg.rf.af33f2462dbc72eb47bac4be0bfb496c.jpg</filename>
	<path>285_mask_jpg.rf.af33f2462dbc72eb47bac4be0bfb496c.jpg</path>
	<source>
		<database>roboflow.ai</database>
	</source>
	<size>
		<width>416</width>
		<height>416</height>
		<depth>3</depth>
	</size>
	<segmented>0</segmented>
	<object>
		<name>mask</name>
		<pose>Unspecified</pose>
		<truncated>0</truncated>
		<difficult>0</difficult>
		<occluded>0</occluded>
		<bndbox>
			<xmin>119</xmin>
			<xmax>209</xmax>
			<ymin>58</ymin>
			<ymax>315</ymax>
		</bndbox>
	</object>
	<object>
		<name>mask</name>
		<pose>Unspecified</pose>
		<truncated>0</truncated>
		<difficult>0</difficult>
		<occluded>0</occluded>
		<bndbox>
			<xmin>199</xmin>
			<xmax>309</xmax>
			<ymin>73</ymin>
			<ymax>342</ymax>
		</bndbox>
	</object>
</annotation>
