<annotation>
	<folder></folder>
	<filename>286_mask_jpg.rf.68c23f41b242283a40dfffecbc41b62b.jpg</filename>
	<path>286_mask_jpg.rf.68c23f41b242283a40dfffecbc41b62b.jpg</path>
	<source>
		<database>roboflow.ai</database>
	</source>
	<size>
		<width>416</width>
		<height>416</height>
		<depth>3</depth>
	</size>
	<segmented>0</segmented>
	<object>
		<name>none</name>
		<pose>Unspecified</pose>
		<truncated>0</truncated>
		<difficult>0</difficult>
		<occluded>0</occluded>
		<bndbox>
			<xmin>280</xmin>
			<xmax>303</xmax>
			<ymin>49</ymin>
			<ymax>91</ymax>
		</bndbox>
	</object>
	<object>
		<name>mask</name>
		<pose>Unspecified</pose>
		<truncated>0</truncated>
		<difficult>0</difficult>
		<occluded>0</occluded>
		<bndbox>
			<xmin>202</xmin>
			<xmax>224</xmax>
			<ymin>50</ymin>
			<ymax>104</ymax>
		</bndbox>
	</object>
</annotation>
