<annotation>
	<folder></folder>
	<filename>287_mask_jpg.rf.1605fc4011ca7b39aa1c010f424ed873.jpg</filename>
	<path>287_mask_jpg.rf.1605fc4011ca7b39aa1c010f424ed873.jpg</path>
	<source>
		<database>roboflow.ai</database>
	</source>
	<size>
		<width>416</width>
		<height>416</height>
		<depth>3</depth>
	</size>
	<segmented>0</segmented>
	<object>
		<name>mask</name>
		<pose>Unspecified</pose>
		<truncated>0</truncated>
		<difficult>0</difficult>
		<occluded>0</occluded>
		<bndbox>
			<xmin>181</xmin>
			<xmax>312</xmax>
			<ymin>136</ymin>
			<ymax>323</ymax>
		</bndbox>
	</object>
</annotation>
