<annotation>
	<folder></folder>
	<filename>288_mask_jpg.rf.3e73acda19f856cb64fecddf54bf07ce.jpg</filename>
	<path>288_mask_jpg.rf.3e73acda19f856cb64fecddf54bf07ce.jpg</path>
	<source>
		<database>roboflow.ai</database>
	</source>
	<size>
		<width>416</width>
		<height>416</height>
		<depth>3</depth>
	</size>
	<segmented>0</segmented>
	<object>
		<name>poor</name>
		<pose>Unspecified</pose>
		<truncated>0</truncated>
		<difficult>0</difficult>
		<occluded>0</occluded>
		<bndbox>
			<xmin>337</xmin>
			<xmax>381</xmax>
			<ymin>111</ymin>
			<ymax>184</ymax>
		</bndbox>
	</object>
	<object>
		<name>mask</name>
		<pose>Unspecified</pose>
		<truncated>0</truncated>
		<difficult>0</difficult>
		<occluded>0</occluded>
		<bndbox>
			<xmin>138</xmin>
			<xmax>241</xmax>
			<ymin>116</ymin>
			<ymax>270</ymax>
		</bndbox>
	</object>
	<object>
		<name>mask</name>
		<pose>Unspecified</pose>
		<truncated>0</truncated>
		<difficult>0</difficult>
		<occluded>0</occluded>
		<bndbox>
			<xmin>24</xmin>
			<xmax>89</xmax>
			<ymin>92</ymin>
			<ymax>193</ymax>
		</bndbox>
	</object>
	<object>
		<name>mask</name>
		<pose>Unspecified</pose>
		<truncated>0</truncated>
		<difficult>0</difficult>
		<occluded>0</occluded>
		<bndbox>
			<xmin>85</xmin>
			<xmax>177</xmax>
			<ymin>1</ymin>
			<ymax>117</ymax>
		</bndbox>
	</object>
</annotation>
