<annotation>
	<folder></folder>
	<filename>291_mask_jpg.rf.21ad94ab24443fb0994a586f2847b5f9.jpg</filename>
	<path>291_mask_jpg.rf.21ad94ab24443fb0994a586f2847b5f9.jpg</path>
	<source>
		<database>roboflow.ai</database>
	</source>
	<size>
		<width>416</width>
		<height>416</height>
		<depth>3</depth>
	</size>
	<segmented>0</segmented>
	<object>
		<name>mask</name>
		<pose>Unspecified</pose>
		<truncated>0</truncated>
		<difficult>0</difficult>
		<occluded>0</occluded>
		<bndbox>
			<xmin>155</xmin>
			<xmax>233</xmax>
			<ymin>125</ymin>
			<ymax>266</ymax>
		</bndbox>
	</object>
</annotation>
