<annotation>
	<folder></folder>
	<filename>292_mask_jpg.rf.e99af21c61527af82b7eadbef1288c0c.jpg</filename>
	<path>292_mask_jpg.rf.e99af21c61527af82b7eadbef1288c0c.jpg</path>
	<source>
		<database>roboflow.ai</database>
	</source>
	<size>
		<width>416</width>
		<height>416</height>
		<depth>3</depth>
	</size>
	<segmented>0</segmented>
	<object>
		<name>mask</name>
		<pose>Unspecified</pose>
		<truncated>0</truncated>
		<difficult>0</difficult>
		<occluded>0</occluded>
		<bndbox>
			<xmin>98</xmin>
			<xmax>322</xmax>
			<ymin>20</ymin>
			<ymax>398</ymax>
		</bndbox>
	</object>
</annotation>
