<annotation>
	<folder></folder>
	<filename>296_mask_jpg.rf.d7d1ff866fb171cf46bc8461a68c1b73.jpg</filename>
	<path>296_mask_jpg.rf.d7d1ff866fb171cf46bc8461a68c1b73.jpg</path>
	<source>
		<database>roboflow.ai</database>
	</source>
	<size>
		<width>416</width>
		<height>416</height>
		<depth>3</depth>
	</size>
	<segmented>0</segmented>
	<object>
		<name>mask</name>
		<pose>Unspecified</pose>
		<truncated>0</truncated>
		<difficult>0</difficult>
		<occluded>0</occluded>
		<bndbox>
			<xmin>104</xmin>
			<xmax>182</xmax>
			<ymin>77</ymin>
			<ymax>253</ymax>
		</bndbox>
	</object>
</annotation>
