<annotation>
	<folder></folder>
	<filename>297_mask_jpg.rf.7d3ea0593230a193b99b8b1b62374b6e.jpg</filename>
	<path>297_mask_jpg.rf.7d3ea0593230a193b99b8b1b62374b6e.jpg</path>
	<source>
		<database>roboflow.ai</database>
	</source>
	<size>
		<width>416</width>
		<height>416</height>
		<depth>3</depth>
	</size>
	<segmented>0</segmented>
	<object>
		<name>mask</name>
		<pose>Unspecified</pose>
		<truncated>0</truncated>
		<difficult>0</difficult>
		<occluded>0</occluded>
		<bndbox>
			<xmin>164</xmin>
			<xmax>232</xmax>
			<ymin>75</ymin>
			<ymax>213</ymax>
		</bndbox>
	</object>
	<object>
		<name>mask</name>
		<pose>Unspecified</pose>
		<truncated>0</truncated>
		<difficult>0</difficult>
		<occluded>0</occluded>
		<bndbox>
			<xmin>264</xmin>
			<xmax>355</xmax>
			<ymin>131</ymin>
			<ymax>292</ymax>
		</bndbox>
	</object>
	<object>
		<name>mask</name>
		<pose>Unspecified</pose>
		<truncated>0</truncated>
		<difficult>0</difficult>
		<occluded>0</occluded>
		<bndbox>
			<xmin>90</xmin>
			<xmax>143</xmax>
			<ymin>59</ymin>
			<ymax>163</ymax>
		</bndbox>
	</object>
</annotation>
