<annotation>
	<folder></folder>
	<filename>299_mask_jpg.rf.fd98464b8d2bb2a66b28aa1a0380f920.jpg</filename>
	<path>299_mask_jpg.rf.fd98464b8d2bb2a66b28aa1a0380f920.jpg</path>
	<source>
		<database>roboflow.ai</database>
	</source>
	<size>
		<width>416</width>
		<height>416</height>
		<depth>3</depth>
	</size>
	<segmented>0</segmented>
	<object>
		<name>mask</name>
		<pose>Unspecified</pose>
		<truncated>0</truncated>
		<difficult>0</difficult>
		<occluded>0</occluded>
		<bndbox>
			<xmin>244</xmin>
			<xmax>352</xmax>
			<ymin>57</ymin>
			<ymax>269</ymax>
		</bndbox>
	</object>
</annotation>
