<annotation>
	<folder></folder>
	<filename>302_mask_jpg.rf.a7aafddb2583d80209d58bb53ea94360.jpg</filename>
	<path>302_mask_jpg.rf.a7aafddb2583d80209d58bb53ea94360.jpg</path>
	<source>
		<database>roboflow.ai</database>
	</source>
	<size>
		<width>416</width>
		<height>416</height>
		<depth>3</depth>
	</size>
	<segmented>0</segmented>
	<object>
		<name>mask</name>
		<pose>Unspecified</pose>
		<truncated>0</truncated>
		<difficult>0</difficult>
		<occluded>0</occluded>
		<bndbox>
			<xmin>260</xmin>
			<xmax>364</xmax>
			<ymin>73</ymin>
			<ymax>287</ymax>
		</bndbox>
	</object>
</annotation>
