<annotation>
	<folder></folder>
	<filename>304_mask_jpg.rf.f9dd111e45af5f554d846e755c9efaf6.jpg</filename>
	<path>304_mask_jpg.rf.f9dd111e45af5f554d846e755c9efaf6.jpg</path>
	<source>
		<database>roboflow.ai</database>
	</source>
	<size>
		<width>416</width>
		<height>416</height>
		<depth>3</depth>
	</size>
	<segmented>0</segmented>
	<object>
		<name>mask</name>
		<pose>Unspecified</pose>
		<truncated>0</truncated>
		<difficult>0</difficult>
		<occluded>0</occluded>
		<bndbox>
			<xmin>98</xmin>
			<xmax>198</xmax>
			<ymin>98</ymin>
			<ymax>274</ymax>
		</bndbox>
	</object>
	<object>
		<name>mask</name>
		<pose>Unspecified</pose>
		<truncated>0</truncated>
		<difficult>0</difficult>
		<occluded>0</occluded>
		<bndbox>
			<xmin>215</xmin>
			<xmax>317</xmax>
			<ymin>77</ymin>
			<ymax>283</ymax>
		</bndbox>
	</object>
	<object>
		<name>mask</name>
		<pose>Unspecified</pose>
		<truncated>0</truncated>
		<difficult>0</difficult>
		<occluded>0</occluded>
		<bndbox>
			<xmin>319</xmin>
			<xmax>408</xmax>
			<ymin>76</ymin>
			<ymax>253</ymax>
		</bndbox>
	</object>
</annotation>
