<annotation>
	<folder></folder>
	<filename>304a4d44504b706e7834_jpg.rf.8ae81c19bbade1461b4b8dc070561969.jpg</filename>
	<path>304a4d44504b706e7834_jpg.rf.8ae81c19bbade1461b4b8dc070561969.jpg</path>
	<source>
		<database>roboflow.ai</database>
	</source>
	<size>
		<width>416</width>
		<height>416</height>
		<depth>3</depth>
	</size>
	<segmented>0</segmented>
	<object>
		<name>mask</name>
		<pose>Unspecified</pose>
		<truncated>0</truncated>
		<difficult>0</difficult>
		<occluded>0</occluded>
		<bndbox>
			<xmin>130</xmin>
			<xmax>310</xmax>
			<ymin>56</ymin>
			<ymax>174</ymax>
		</bndbox>
	</object>
</annotation>
