<annotation>
	<folder></folder>
	<filename>3056392_1_jpg.rf.d9a22313f6c859e836b5486a80d4ad80.jpg</filename>
	<path>3056392_1_jpg.rf.d9a22313f6c859e836b5486a80d4ad80.jpg</path>
	<source>
		<database>roboflow.ai</database>
	</source>
	<size>
		<width>416</width>
		<height>416</height>
		<depth>3</depth>
	</size>
	<segmented>0</segmented>
	<object>
		<name>mask</name>
		<pose>Unspecified</pose>
		<truncated>0</truncated>
		<difficult>0</difficult>
		<occluded>0</occluded>
		<bndbox>
			<xmin>247</xmin>
			<xmax>282</xmax>
			<ymin>38</ymin>
			<ymax>89</ymax>
		</bndbox>
	</object>
</annotation>
