<annotation>
	<folder></folder>
	<filename>3060869_1_1_jpg.rf.03b2e8b8a541440e78a5f1bd2c452af5.jpg</filename>
	<path>3060869_1_1_jpg.rf.03b2e8b8a541440e78a5f1bd2c452af5.jpg</path>
	<source>
		<database>roboflow.ai</database>
	</source>
	<size>
		<width>416</width>
		<height>416</height>
		<depth>3</depth>
	</size>
	<segmented>0</segmented>
	<object>
		<name>poor</name>
		<pose>Unspecified</pose>
		<truncated>0</truncated>
		<difficult>0</difficult>
		<occluded>0</occluded>
		<bndbox>
			<xmin>189</xmin>
			<xmax>285</xmax>
			<ymin>84</ymin>
			<ymax>253</ymax>
		</bndbox>
	</object>
	<object>
		<name>mask</name>
		<pose>Unspecified</pose>
		<truncated>0</truncated>
		<difficult>0</difficult>
		<occluded>0</occluded>
		<bndbox>
			<xmin>103</xmin>
			<xmax>183</xmax>
			<ymin>135</ymin>
			<ymax>257</ymax>
		</bndbox>
	</object>
	<object>
		<name>mask</name>
		<pose>Unspecified</pose>
		<truncated>0</truncated>
		<difficult>0</difficult>
		<occluded>0</occluded>
		<bndbox>
			<xmin>301</xmin>
			<xmax>370</xmax>
			<ymin>155</ymin>
			<ymax>363</ymax>
		</bndbox>
	</object>
</annotation>
