<annotation>
	<folder></folder>
	<filename>306_mask_jpg.rf.2bfcfd5276e6870bb80962cbd40f1ce4.jpg</filename>
	<path>306_mask_jpg.rf.2bfcfd5276e6870bb80962cbd40f1ce4.jpg</path>
	<source>
		<database>roboflow.ai</database>
	</source>
	<size>
		<width>416</width>
		<height>416</height>
		<depth>3</depth>
	</size>
	<segmented>0</segmented>
	<object>
		<name>mask</name>
		<pose>Unspecified</pose>
		<truncated>0</truncated>
		<difficult>0</difficult>
		<occluded>0</occluded>
		<bndbox>
			<xmin>279</xmin>
			<xmax>341</xmax>
			<ymin>93</ymin>
			<ymax>263</ymax>
		</bndbox>
	</object>
</annotation>
