<annotation>
	<folder></folder>
	<filename>307_mask_jpg.rf.a099bcce6ab1750dc8660f649a33b8fd.jpg</filename>
	<path>307_mask_jpg.rf.a099bcce6ab1750dc8660f649a33b8fd.jpg</path>
	<source>
		<database>roboflow.ai</database>
	</source>
	<size>
		<width>416</width>
		<height>416</height>
		<depth>3</depth>
	</size>
	<segmented>0</segmented>
	<object>
		<name>mask</name>
		<pose>Unspecified</pose>
		<truncated>0</truncated>
		<difficult>0</difficult>
		<occluded>0</occluded>
		<bndbox>
			<xmin>45</xmin>
			<xmax>209</xmax>
			<ymin>150</ymin>
			<ymax>413</ymax>
		</bndbox>
	</object>
</annotation>
