<annotation>
	<folder></folder>
	<filename>310_mask_jpg.rf.9ae1fe4d8b9b821506c1c5def3822f9b.jpg</filename>
	<path>310_mask_jpg.rf.9ae1fe4d8b9b821506c1c5def3822f9b.jpg</path>
	<source>
		<database>roboflow.ai</database>
	</source>
	<size>
		<width>416</width>
		<height>416</height>
		<depth>3</depth>
	</size>
	<segmented>0</segmented>
	<object>
		<name>mask</name>
		<pose>Unspecified</pose>
		<truncated>0</truncated>
		<difficult>0</difficult>
		<occluded>0</occluded>
		<bndbox>
			<xmin>75</xmin>
			<xmax>214</xmax>
			<ymin>83</ymin>
			<ymax>353</ymax>
		</bndbox>
	</object>
</annotation>
