<annotation>
	<folder></folder>
	<filename>311_mask_jpg.rf.55104f9280a3d9d83d9c65cafbddcc99.jpg</filename>
	<path>311_mask_jpg.rf.55104f9280a3d9d83d9c65cafbddcc99.jpg</path>
	<source>
		<database>roboflow.ai</database>
	</source>
	<size>
		<width>416</width>
		<height>416</height>
		<depth>3</depth>
	</size>
	<segmented>0</segmented>
	<object>
		<name>mask</name>
		<pose>Unspecified</pose>
		<truncated>0</truncated>
		<difficult>0</difficult>
		<occluded>0</occluded>
		<bndbox>
			<xmin>247</xmin>
			<xmax>321</xmax>
			<ymin>99</ymin>
			<ymax>228</ymax>
		</bndbox>
	</object>
	<object>
		<name>mask</name>
		<pose>Unspecified</pose>
		<truncated>0</truncated>
		<difficult>0</difficult>
		<occluded>0</occluded>
		<bndbox>
			<xmin>117</xmin>
			<xmax>196</xmax>
			<ymin>106</ymin>
			<ymax>242</ymax>
		</bndbox>
	</object>
</annotation>
