<annotation>
	<folder></folder>
	<filename>312_mask_jpg.rf.923ebf137099a2e150510c3c2ba3f989.jpg</filename>
	<path>312_mask_jpg.rf.923ebf137099a2e150510c3c2ba3f989.jpg</path>
	<source>
		<database>roboflow.ai</database>
	</source>
	<size>
		<width>416</width>
		<height>416</height>
		<depth>3</depth>
	</size>
	<segmented>0</segmented>
	<object>
		<name>mask</name>
		<pose>Unspecified</pose>
		<truncated>0</truncated>
		<difficult>0</difficult>
		<occluded>0</occluded>
		<bndbox>
			<xmin>210</xmin>
			<xmax>298</xmax>
			<ymin>72</ymin>
			<ymax>250</ymax>
		</bndbox>
	</object>
</annotation>
