<annotation>
	<folder></folder>
	<filename>313_mask_jpg.rf.e6d59f61b46b1453d29d2054026812e8.jpg</filename>
	<path>313_mask_jpg.rf.e6d59f61b46b1453d29d2054026812e8.jpg</path>
	<source>
		<database>roboflow.ai</database>
	</source>
	<size>
		<width>416</width>
		<height>416</height>
		<depth>3</depth>
	</size>
	<segmented>0</segmented>
	<object>
		<name>mask</name>
		<pose>Unspecified</pose>
		<truncated>0</truncated>
		<difficult>0</difficult>
		<occluded>0</occluded>
		<bndbox>
			<xmin>203</xmin>
			<xmax>330</xmax>
			<ymin>70</ymin>
			<ymax>264</ymax>
		</bndbox>
	</object>
	<object>
		<name>none</name>
		<pose>Unspecified</pose>
		<truncated>0</truncated>
		<difficult>0</difficult>
		<occluded>0</occluded>
		<bndbox>
			<xmin>2</xmin>
			<xmax>40</xmax>
			<ymin>238</ymin>
			<ymax>299</ymax>
		</bndbox>
	</object>
</annotation>
