<annotation>
	<folder></folder>
	<filename>315_mask_jpg.rf.7d41a031ed04a0473514fed5cd6fd9b7.jpg</filename>
	<path>315_mask_jpg.rf.7d41a031ed04a0473514fed5cd6fd9b7.jpg</path>
	<source>
		<database>roboflow.ai</database>
	</source>
	<size>
		<width>416</width>
		<height>416</height>
		<depth>3</depth>
	</size>
	<segmented>0</segmented>
	<object>
		<name>mask</name>
		<pose>Unspecified</pose>
		<truncated>0</truncated>
		<difficult>0</difficult>
		<occluded>0</occluded>
		<bndbox>
			<xmin>119</xmin>
			<xmax>245</xmax>
			<ymin>127</ymin>
			<ymax>346</ymax>
		</bndbox>
	</object>
</annotation>
