<annotation>
	<folder></folder>
	<filename>317_mask_jpg.rf.8125ec68473d92d587ecad070f9e712d.jpg</filename>
	<path>317_mask_jpg.rf.8125ec68473d92d587ecad070f9e712d.jpg</path>
	<source>
		<database>roboflow.ai</database>
	</source>
	<size>
		<width>416</width>
		<height>416</height>
		<depth>3</depth>
	</size>
	<segmented>0</segmented>
	<object>
		<name>mask</name>
		<pose>Unspecified</pose>
		<truncated>0</truncated>
		<difficult>0</difficult>
		<occluded>0</occluded>
		<bndbox>
			<xmin>133</xmin>
			<xmax>195</xmax>
			<ymin>105</ymin>
			<ymax>233</ymax>
		</bndbox>
	</object>
</annotation>
