<annotation>
	<folder></folder>
	<filename>318_mask_jpg.rf.43c33f4a19eefabdfaea80c53d3b8b87.jpg</filename>
	<path>318_mask_jpg.rf.43c33f4a19eefabdfaea80c53d3b8b87.jpg</path>
	<source>
		<database>roboflow.ai</database>
	</source>
	<size>
		<width>416</width>
		<height>416</height>
		<depth>3</depth>
	</size>
	<segmented>0</segmented>
	<object>
		<name>none</name>
		<pose>Unspecified</pose>
		<truncated>0</truncated>
		<difficult>0</difficult>
		<occluded>0</occluded>
		<bndbox>
			<xmin>76</xmin>
			<xmax>149</xmax>
			<ymin>60</ymin>
			<ymax>194</ymax>
		</bndbox>
	</object>
	<object>
		<name>none</name>
		<pose>Unspecified</pose>
		<truncated>0</truncated>
		<difficult>0</difficult>
		<occluded>0</occluded>
		<bndbox>
			<xmin>287</xmin>
			<xmax>346</xmax>
			<ymin>120</ymin>
			<ymax>222</ymax>
		</bndbox>
	</object>
</annotation>
