<annotation>
	<folder></folder>
	<filename>321_mask_jpg.rf.73a708cfc29f8cc4cd3a44ee0f680cd9.jpg</filename>
	<path>321_mask_jpg.rf.73a708cfc29f8cc4cd3a44ee0f680cd9.jpg</path>
	<source>
		<database>roboflow.ai</database>
	</source>
	<size>
		<width>416</width>
		<height>416</height>
		<depth>3</depth>
	</size>
	<segmented>0</segmented>
	<object>
		<name>mask</name>
		<pose>Unspecified</pose>
		<truncated>0</truncated>
		<difficult>0</difficult>
		<occluded>0</occluded>
		<bndbox>
			<xmin>120</xmin>
			<xmax>200</xmax>
			<ymin>86</ymin>
			<ymax>231</ymax>
		</bndbox>
	</object>
	<object>
		<name>mask</name>
		<pose>Unspecified</pose>
		<truncated>0</truncated>
		<difficult>0</difficult>
		<occluded>0</occluded>
		<bndbox>
			<xmin>302</xmin>
			<xmax>371</xmax>
			<ymin>106</ymin>
			<ymax>226</ymax>
		</bndbox>
	</object>
	<object>
		<name>mask</name>
		<pose>Unspecified</pose>
		<truncated>0</truncated>
		<difficult>0</difficult>
		<occluded>0</occluded>
		<bndbox>
			<xmin>203</xmin>
			<xmax>282</xmax>
			<ymin>70</ymin>
			<ymax>233</ymax>
		</bndbox>
	</object>
</annotation>
