<annotation>
	<folder></folder>
	<filename>323_mask_jpg.rf.618139d232727e9107ed4cd13b8c2b59.jpg</filename>
	<path>323_mask_jpg.rf.618139d232727e9107ed4cd13b8c2b59.jpg</path>
	<source>
		<database>roboflow.ai</database>
	</source>
	<size>
		<width>416</width>
		<height>416</height>
		<depth>3</depth>
	</size>
	<segmented>0</segmented>
	<object>
		<name>poor</name>
		<pose>Unspecified</pose>
		<truncated>0</truncated>
		<difficult>0</difficult>
		<occluded>0</occluded>
		<bndbox>
			<xmin>231</xmin>
			<xmax>284</xmax>
			<ymin>23</ymin>
			<ymax>143</ymax>
		</bndbox>
	</object>
	<object>
		<name>mask</name>
		<pose>Unspecified</pose>
		<truncated>0</truncated>
		<difficult>0</difficult>
		<occluded>0</occluded>
		<bndbox>
			<xmin>129</xmin>
			<xmax>157</xmax>
			<ymin>195</ymin>
			<ymax>252</ymax>
		</bndbox>
	</object>
</annotation>
