<annotation>
	<folder></folder>
	<filename>324_mask_jpg.rf.c4cce86a5ed15f1c3cde94c157931f06.jpg</filename>
	<path>324_mask_jpg.rf.c4cce86a5ed15f1c3cde94c157931f06.jpg</path>
	<source>
		<database>roboflow.ai</database>
	</source>
	<size>
		<width>416</width>
		<height>416</height>
		<depth>3</depth>
	</size>
	<segmented>0</segmented>
	<object>
		<name>none</name>
		<pose>Unspecified</pose>
		<truncated>0</truncated>
		<difficult>0</difficult>
		<occluded>0</occluded>
		<bndbox>
			<xmin>91</xmin>
			<xmax>139</xmax>
			<ymin>48</ymin>
			<ymax>147</ymax>
		</bndbox>
	</object>
	<object>
		<name>mask</name>
		<pose>Unspecified</pose>
		<truncated>0</truncated>
		<difficult>0</difficult>
		<occluded>0</occluded>
		<bndbox>
			<xmin>287</xmin>
			<xmax>340</xmax>
			<ymin>4</ymin>
			<ymax>143</ymax>
		</bndbox>
	</object>
</annotation>
