<annotation>
	<folder></folder>
	<filename>326_mask_jpg.rf.dfed2226e42503b4839f2c1b5962b843.jpg</filename>
	<path>326_mask_jpg.rf.dfed2226e42503b4839f2c1b5962b843.jpg</path>
	<source>
		<database>roboflow.ai</database>
	</source>
	<size>
		<width>416</width>
		<height>416</height>
		<depth>3</depth>
	</size>
	<segmented>0</segmented>
	<object>
		<name>mask</name>
		<pose>Unspecified</pose>
		<truncated>0</truncated>
		<difficult>0</difficult>
		<occluded>0</occluded>
		<bndbox>
			<xmin>110</xmin>
			<xmax>279</xmax>
			<ymin>80</ymin>
			<ymax>416</ymax>
		</bndbox>
	</object>
</annotation>
