<annotation>
	<folder></folder>
	<filename>327_mask_jpg.rf.70c445c52240910af8bb05c9af16b906.jpg</filename>
	<path>327_mask_jpg.rf.70c445c52240910af8bb05c9af16b906.jpg</path>
	<source>
		<database>roboflow.ai</database>
	</source>
	<size>
		<width>416</width>
		<height>416</height>
		<depth>3</depth>
	</size>
	<segmented>0</segmented>
	<object>
		<name>mask</name>
		<pose>Unspecified</pose>
		<truncated>0</truncated>
		<difficult>0</difficult>
		<occluded>0</occluded>
		<bndbox>
			<xmin>111</xmin>
			<xmax>156</xmax>
			<ymin>87</ymin>
			<ymax>194</ymax>
		</bndbox>
	</object>
</annotation>
