<annotation>
	<folder></folder>
	<filename>328_mask_jpg.rf.152a1aaf6467ff207268e36f1843b4c3.jpg</filename>
	<path>328_mask_jpg.rf.152a1aaf6467ff207268e36f1843b4c3.jpg</path>
	<source>
		<database>roboflow.ai</database>
	</source>
	<size>
		<width>416</width>
		<height>416</height>
		<depth>3</depth>
	</size>
	<segmented>0</segmented>
	<object>
		<name>mask</name>
		<pose>Unspecified</pose>
		<truncated>0</truncated>
		<difficult>0</difficult>
		<occluded>0</occluded>
		<bndbox>
			<xmin>157</xmin>
			<xmax>299</xmax>
			<ymin>86</ymin>
			<ymax>285</ymax>
		</bndbox>
	</object>
</annotation>
