<annotation>
	<folder></folder>
	<filename>334_mask_jpg.rf.5e9fe6872baf0d90d48bfd5c44870bfa.jpg</filename>
	<path>334_mask_jpg.rf.5e9fe6872baf0d90d48bfd5c44870bfa.jpg</path>
	<source>
		<database>roboflow.ai</database>
	</source>
	<size>
		<width>416</width>
		<height>416</height>
		<depth>3</depth>
	</size>
	<segmented>0</segmented>
	<object>
		<name>none</name>
		<pose>Unspecified</pose>
		<truncated>0</truncated>
		<difficult>0</difficult>
		<occluded>0</occluded>
		<bndbox>
			<xmin>47</xmin>
			<xmax>64</xmax>
			<ymin>204</ymin>
			<ymax>232</ymax>
		</bndbox>
	</object>
	<object>
		<name>mask</name>
		<pose>Unspecified</pose>
		<truncated>0</truncated>
		<difficult>0</difficult>
		<occluded>0</occluded>
		<bndbox>
			<xmin>271</xmin>
			<xmax>364</xmax>
			<ymin>36</ymin>
			<ymax>209</ymax>
		</bndbox>
	</object>
</annotation>
