<annotation>
	<folder></folder>
	<filename>336_mask_jpg.rf.5b06bdc73649419366dcd2acf04941f5.jpg</filename>
	<path>336_mask_jpg.rf.5b06bdc73649419366dcd2acf04941f5.jpg</path>
	<source>
		<database>roboflow.ai</database>
	</source>
	<size>
		<width>416</width>
		<height>416</height>
		<depth>3</depth>
	</size>
	<segmented>0</segmented>
	<object>
		<name>mask</name>
		<pose>Unspecified</pose>
		<truncated>0</truncated>
		<difficult>0</difficult>
		<occluded>0</occluded>
		<bndbox>
			<xmin>150</xmin>
			<xmax>215</xmax>
			<ymin>80</ymin>
			<ymax>222</ymax>
		</bndbox>
	</object>
</annotation>
