<annotation>
	<folder></folder>
	<filename>337_mask_jpg.rf.411d1bdf9ebce06aefb62a0f3e442975.jpg</filename>
	<path>337_mask_jpg.rf.411d1bdf9ebce06aefb62a0f3e442975.jpg</path>
	<source>
		<database>roboflow.ai</database>
	</source>
	<size>
		<width>416</width>
		<height>416</height>
		<depth>3</depth>
	</size>
	<segmented>0</segmented>
	<object>
		<name>mask</name>
		<pose>Unspecified</pose>
		<truncated>0</truncated>
		<difficult>0</difficult>
		<occluded>0</occluded>
		<bndbox>
			<xmin>104</xmin>
			<xmax>224</xmax>
			<ymin>84</ymin>
			<ymax>269</ymax>
		</bndbox>
	</object>
</annotation>
