<annotation>
	<folder></folder>
	<filename>338_mask_jpg.rf.1068b79134fe256e40b3b8ba6ebfead3.jpg</filename>
	<path>338_mask_jpg.rf.1068b79134fe256e40b3b8ba6ebfead3.jpg</path>
	<source>
		<database>roboflow.ai</database>
	</source>
	<size>
		<width>416</width>
		<height>416</height>
		<depth>3</depth>
	</size>
	<segmented>0</segmented>
	<object>
		<name>mask</name>
		<pose>Unspecified</pose>
		<truncated>0</truncated>
		<difficult>0</difficult>
		<occluded>0</occluded>
		<bndbox>
			<xmin>273</xmin>
			<xmax>364</xmax>
			<ymin>75</ymin>
			<ymax>202</ymax>
		</bndbox>
	</object>
	<object>
		<name>mask</name>
		<pose>Unspecified</pose>
		<truncated>0</truncated>
		<difficult>0</difficult>
		<occluded>0</occluded>
		<bndbox>
			<xmin>79</xmin>
			<xmax>147</xmax>
			<ymin>158</ymin>
			<ymax>317</ymax>
		</bndbox>
	</object>
</annotation>
