<annotation>
	<folder></folder>
	<filename>3414e5ff97f342dd803e048c4670b8ac_jpg.rf.f153efd1331439a13f9e2b43c8010cb5.jpg</filename>
	<path>3414e5ff97f342dd803e048c4670b8ac_jpg.rf.f153efd1331439a13f9e2b43c8010cb5.jpg</path>
	<source>
		<database>roboflow.ai</database>
	</source>
	<size>
		<width>416</width>
		<height>416</height>
		<depth>3</depth>
	</size>
	<segmented>0</segmented>
	<object>
		<name>mask</name>
		<pose>Unspecified</pose>
		<truncated>0</truncated>
		<difficult>0</difficult>
		<occluded>0</occluded>
		<bndbox>
			<xmin>222</xmin>
			<xmax>310</xmax>
			<ymin>117</ymin>
			<ymax>208</ymax>
		</bndbox>
	</object>
</annotation>
