<annotation>
	<folder></folder>
	<filename>341_mask_jpg.rf.66081ba803935e0482d3c788b02225b9.jpg</filename>
	<path>341_mask_jpg.rf.66081ba803935e0482d3c788b02225b9.jpg</path>
	<source>
		<database>roboflow.ai</database>
	</source>
	<size>
		<width>416</width>
		<height>416</height>
		<depth>3</depth>
	</size>
	<segmented>0</segmented>
	<object>
		<name>mask</name>
		<pose>Unspecified</pose>
		<truncated>0</truncated>
		<difficult>0</difficult>
		<occluded>0</occluded>
		<bndbox>
			<xmin>256</xmin>
			<xmax>317</xmax>
			<ymin>90</ymin>
			<ymax>186</ymax>
		</bndbox>
	</object>
</annotation>
