<annotation>
	<folder></folder>
	<filename>343_mask_jpg.rf.5952c85bc33a8caf104e7aedbb7f74a5.jpg</filename>
	<path>343_mask_jpg.rf.5952c85bc33a8caf104e7aedbb7f74a5.jpg</path>
	<source>
		<database>roboflow.ai</database>
	</source>
	<size>
		<width>416</width>
		<height>416</height>
		<depth>3</depth>
	</size>
	<segmented>0</segmented>
	<object>
		<name>mask</name>
		<pose>Unspecified</pose>
		<truncated>0</truncated>
		<difficult>0</difficult>
		<occluded>0</occluded>
		<bndbox>
			<xmin>119</xmin>
			<xmax>284</xmax>
			<ymin>79</ymin>
			<ymax>267</ymax>
		</bndbox>
	</object>
</annotation>
