<annotation>
	<folder></folder>
	<filename>345_mask_jpg.rf.6daeec35fd301e0660e8cbbeac171940.jpg</filename>
	<path>345_mask_jpg.rf.6daeec35fd301e0660e8cbbeac171940.jpg</path>
	<source>
		<database>roboflow.ai</database>
	</source>
	<size>
		<width>416</width>
		<height>416</height>
		<depth>3</depth>
	</size>
	<segmented>0</segmented>
	<object>
		<name>mask</name>
		<pose>Unspecified</pose>
		<truncated>0</truncated>
		<difficult>0</difficult>
		<occluded>0</occluded>
		<bndbox>
			<xmin>253</xmin>
			<xmax>313</xmax>
			<ymin>100</ymin>
			<ymax>224</ymax>
		</bndbox>
	</object>
	<object>
		<name>mask</name>
		<pose>Unspecified</pose>
		<truncated>0</truncated>
		<difficult>0</difficult>
		<occluded>0</occluded>
		<bndbox>
			<xmin>299</xmin>
			<xmax>353</xmax>
			<ymin>141</ymin>
			<ymax>259</ymax>
		</bndbox>
	</object>
	<object>
		<name>mask</name>
		<pose>Unspecified</pose>
		<truncated>0</truncated>
		<difficult>0</difficult>
		<occluded>0</occluded>
		<bndbox>
			<xmin>30</xmin>
			<xmax>67</xmax>
			<ymin>135</ymin>
			<ymax>205</ymax>
		</bndbox>
	</object>
</annotation>
