<annotation>
	<folder></folder>
	<filename>348_mask_jpg.rf.90a0f8ded26f79f8614a0c8c390ebf42.jpg</filename>
	<path>348_mask_jpg.rf.90a0f8ded26f79f8614a0c8c390ebf42.jpg</path>
	<source>
		<database>roboflow.ai</database>
	</source>
	<size>
		<width>416</width>
		<height>416</height>
		<depth>3</depth>
	</size>
	<segmented>0</segmented>
	<object>
		<name>mask</name>
		<pose>Unspecified</pose>
		<truncated>0</truncated>
		<difficult>0</difficult>
		<occluded>0</occluded>
		<bndbox>
			<xmin>91</xmin>
			<xmax>299</xmax>
			<ymin>3</ymin>
			<ymax>386</ymax>
		</bndbox>
	</object>
</annotation>
