<annotation>
	<folder></folder>
	<filename>351_mask_jpg.rf.998a4b0e4b4ec141f704d5e2369105ff.jpg</filename>
	<path>351_mask_jpg.rf.998a4b0e4b4ec141f704d5e2369105ff.jpg</path>
	<source>
		<database>roboflow.ai</database>
	</source>
	<size>
		<width>416</width>
		<height>416</height>
		<depth>3</depth>
	</size>
	<segmented>0</segmented>
	<object>
		<name>mask</name>
		<pose>Unspecified</pose>
		<truncated>0</truncated>
		<difficult>0</difficult>
		<occluded>0</occluded>
		<bndbox>
			<xmin>164</xmin>
			<xmax>270</xmax>
			<ymin>97</ymin>
			<ymax>331</ymax>
		</bndbox>
	</object>
</annotation>
