<annotation>
	<folder></folder>
	<filename>353_mask_jpg.rf.4e1d5bd422d9f82e99c2d26e6893417b.jpg</filename>
	<path>353_mask_jpg.rf.4e1d5bd422d9f82e99c2d26e6893417b.jpg</path>
	<source>
		<database>roboflow.ai</database>
	</source>
	<size>
		<width>416</width>
		<height>416</height>
		<depth>3</depth>
	</size>
	<segmented>0</segmented>
	<object>
		<name>mask</name>
		<pose>Unspecified</pose>
		<truncated>0</truncated>
		<difficult>0</difficult>
		<occluded>0</occluded>
		<bndbox>
			<xmin>38</xmin>
			<xmax>160</xmax>
			<ymin>144</ymin>
			<ymax>399</ymax>
		</bndbox>
	</object>
	<object>
		<name>mask</name>
		<pose>Unspecified</pose>
		<truncated>0</truncated>
		<difficult>0</difficult>
		<occluded>0</occluded>
		<bndbox>
			<xmin>151</xmin>
			<xmax>235</xmax>
			<ymin>82</ymin>
			<ymax>313</ymax>
		</bndbox>
	</object>
	<object>
		<name>mask</name>
		<pose>Unspecified</pose>
		<truncated>0</truncated>
		<difficult>0</difficult>
		<occluded>0</occluded>
		<bndbox>
			<xmin>234</xmin>
			<xmax>321</xmax>
			<ymin>42</ymin>
			<ymax>283</ymax>
		</bndbox>
	</object>
	<object>
		<name>mask</name>
		<pose>Unspecified</pose>
		<truncated>0</truncated>
		<difficult>0</difficult>
		<occluded>0</occluded>
		<bndbox>
			<xmin>322</xmin>
			<xmax>410</xmax>
			<ymin>84</ymin>
			<ymax>301</ymax>
		</bndbox>
	</object>
</annotation>
