<annotation>
	<folder></folder>
	<filename>355_mask_jpg.rf.2123fdc4df51336042ba1fa3b122d8e2.jpg</filename>
	<path>355_mask_jpg.rf.2123fdc4df51336042ba1fa3b122d8e2.jpg</path>
	<source>
		<database>roboflow.ai</database>
	</source>
	<size>
		<width>416</width>
		<height>416</height>
		<depth>3</depth>
	</size>
	<segmented>0</segmented>
	<object>
		<name>mask</name>
		<pose>Unspecified</pose>
		<truncated>0</truncated>
		<difficult>0</difficult>
		<occluded>0</occluded>
		<bndbox>
			<xmin>109</xmin>
			<xmax>187</xmax>
			<ymin>103</ymin>
			<ymax>261</ymax>
		</bndbox>
	</object>
	<object>
		<name>mask</name>
		<pose>Unspecified</pose>
		<truncated>0</truncated>
		<difficult>0</difficult>
		<occluded>0</occluded>
		<bndbox>
			<xmin>216</xmin>
			<xmax>300</xmax>
			<ymin>117</ymin>
			<ymax>264</ymax>
		</bndbox>
	</object>
</annotation>
