<annotation>
	<folder></folder>
	<filename>356_mask_jpg.rf.f4e83a65b5c5756974e85edff4e1879b.jpg</filename>
	<path>356_mask_jpg.rf.f4e83a65b5c5756974e85edff4e1879b.jpg</path>
	<source>
		<database>roboflow.ai</database>
	</source>
	<size>
		<width>416</width>
		<height>416</height>
		<depth>3</depth>
	</size>
	<segmented>0</segmented>
	<object>
		<name>mask</name>
		<pose>Unspecified</pose>
		<truncated>0</truncated>
		<difficult>0</difficult>
		<occluded>0</occluded>
		<bndbox>
			<xmin>53</xmin>
			<xmax>194</xmax>
			<ymin>109</ymin>
			<ymax>357</ymax>
		</bndbox>
	</object>
	<object>
		<name>mask</name>
		<pose>Unspecified</pose>
		<truncated>0</truncated>
		<difficult>0</difficult>
		<occluded>0</occluded>
		<bndbox>
			<xmin>225</xmin>
			<xmax>316</xmax>
			<ymin>100</ymin>
			<ymax>269</ymax>
		</bndbox>
	</object>
	<object>
		<name>mask</name>
		<pose>Unspecified</pose>
		<truncated>0</truncated>
		<difficult>0</difficult>
		<occluded>0</occluded>
		<bndbox>
			<xmin>313</xmin>
			<xmax>365</xmax>
			<ymin>98</ymin>
			<ymax>196</ymax>
		</bndbox>
	</object>
	<object>
		<name>mask</name>
		<pose>Unspecified</pose>
		<truncated>0</truncated>
		<difficult>0</difficult>
		<occluded>0</occluded>
		<bndbox>
			<xmin>360</xmin>
			<xmax>407</xmax>
			<ymin>71</ymin>
			<ymax>193</ymax>
		</bndbox>
	</object>
</annotation>
