<annotation>
	<folder></folder>
	<filename>357_mask_jpg.rf.0052bc3998b50e2809d81f201254a1c1.jpg</filename>
	<path>357_mask_jpg.rf.0052bc3998b50e2809d81f201254a1c1.jpg</path>
	<source>
		<database>roboflow.ai</database>
	</source>
	<size>
		<width>416</width>
		<height>416</height>
		<depth>3</depth>
	</size>
	<segmented>0</segmented>
	<object>
		<name>mask</name>
		<pose>Unspecified</pose>
		<truncated>0</truncated>
		<difficult>0</difficult>
		<occluded>0</occluded>
		<bndbox>
			<xmin>235</xmin>
			<xmax>384</xmax>
			<ymin>10</ymin>
			<ymax>259</ymax>
		</bndbox>
	</object>
</annotation>
