<annotation>
	<folder></folder>
	<filename>360_mask_jpg.rf.152ef5271d3dd0ed6fc4488060cc172f.jpg</filename>
	<path>360_mask_jpg.rf.152ef5271d3dd0ed6fc4488060cc172f.jpg</path>
	<source>
		<database>roboflow.ai</database>
	</source>
	<size>
		<width>416</width>
		<height>416</height>
		<depth>3</depth>
	</size>
	<segmented>0</segmented>
	<object>
		<name>poor</name>
		<pose>Unspecified</pose>
		<truncated>0</truncated>
		<difficult>0</difficult>
		<occluded>0</occluded>
		<bndbox>
			<xmin>61</xmin>
			<xmax>340</xmax>
			<ymin>143</ymin>
			<ymax>383</ymax>
		</bndbox>
	</object>
</annotation>
