<annotation>
	<folder></folder>
	<filename>361_mask_jpg.rf.c0ea157a200fa7c5f0864c420446cd34.jpg</filename>
	<path>361_mask_jpg.rf.c0ea157a200fa7c5f0864c420446cd34.jpg</path>
	<source>
		<database>roboflow.ai</database>
	</source>
	<size>
		<width>416</width>
		<height>416</height>
		<depth>3</depth>
	</size>
	<segmented>0</segmented>
	<object>
		<name>mask</name>
		<pose>Unspecified</pose>
		<truncated>0</truncated>
		<difficult>0</difficult>
		<occluded>0</occluded>
		<bndbox>
			<xmin>244</xmin>
			<xmax>343</xmax>
			<ymin>98</ymin>
			<ymax>267</ymax>
		</bndbox>
	</object>
</annotation>
