<annotation>
	<folder></folder>
	<filename>362_mask_jpg.rf.265b510f16683308d00f3e7d36fb416d.jpg</filename>
	<path>362_mask_jpg.rf.265b510f16683308d00f3e7d36fb416d.jpg</path>
	<source>
		<database>roboflow.ai</database>
	</source>
	<size>
		<width>416</width>
		<height>416</height>
		<depth>3</depth>
	</size>
	<segmented>0</segmented>
	<object>
		<name>mask</name>
		<pose>Unspecified</pose>
		<truncated>0</truncated>
		<difficult>0</difficult>
		<occluded>0</occluded>
		<bndbox>
			<xmin>110</xmin>
			<xmax>226</xmax>
			<ymin>136</ymin>
			<ymax>367</ymax>
		</bndbox>
	</object>
	<object>
		<name>mask</name>
		<pose>Unspecified</pose>
		<truncated>0</truncated>
		<difficult>0</difficult>
		<occluded>0</occluded>
		<bndbox>
			<xmin>221</xmin>
			<xmax>298</xmax>
			<ymin>168</ymin>
			<ymax>339</ymax>
		</bndbox>
	</object>
	<object>
		<name>mask</name>
		<pose>Unspecified</pose>
		<truncated>0</truncated>
		<difficult>0</difficult>
		<occluded>0</occluded>
		<bndbox>
			<xmin>312</xmin>
			<xmax>382</xmax>
			<ymin>148</ymin>
			<ymax>291</ymax>
		</bndbox>
	</object>
</annotation>
