<annotation>
	<folder></folder>
	<filename>365_mask_jpg.rf.bc55aa8355a10890b978597768e8b85d.jpg</filename>
	<path>365_mask_jpg.rf.bc55aa8355a10890b978597768e8b85d.jpg</path>
	<source>
		<database>roboflow.ai</database>
	</source>
	<size>
		<width>416</width>
		<height>416</height>
		<depth>3</depth>
	</size>
	<segmented>0</segmented>
	<object>
		<name>poor</name>
		<pose>Unspecified</pose>
		<truncated>0</truncated>
		<difficult>0</difficult>
		<occluded>0</occluded>
		<bndbox>
			<xmin>131</xmin>
			<xmax>257</xmax>
			<ymin>78</ymin>
			<ymax>306</ymax>
		</bndbox>
	</object>
</annotation>
