<annotation>
	<folder></folder>
	<filename>367_mask_jpg.rf.213134872a138d534d01121f325ab3ec.jpg</filename>
	<path>367_mask_jpg.rf.213134872a138d534d01121f325ab3ec.jpg</path>
	<source>
		<database>roboflow.ai</database>
	</source>
	<size>
		<width>416</width>
		<height>416</height>
		<depth>3</depth>
	</size>
	<segmented>0</segmented>
	<object>
		<name>mask</name>
		<pose>Unspecified</pose>
		<truncated>0</truncated>
		<difficult>0</difficult>
		<occluded>0</occluded>
		<bndbox>
			<xmin>254</xmin>
			<xmax>361</xmax>
			<ymin>142</ymin>
			<ymax>393</ymax>
		</bndbox>
	</object>
	<object>
		<name>mask</name>
		<pose>Unspecified</pose>
		<truncated>0</truncated>
		<difficult>0</difficult>
		<occluded>0</occluded>
		<bndbox>
			<xmin>163</xmin>
			<xmax>243</xmax>
			<ymin>39</ymin>
			<ymax>266</ymax>
		</bndbox>
	</object>
	<object>
		<name>mask</name>
		<pose>Unspecified</pose>
		<truncated>0</truncated>
		<difficult>0</difficult>
		<occluded>0</occluded>
		<bndbox>
			<xmin>75</xmin>
			<xmax>134</xmax>
			<ymin>67</ymin>
			<ymax>213</ymax>
		</bndbox>
	</object>
</annotation>
