<annotation>
	<folder></folder>
	<filename>374_mask_jpg.rf.e21a2e19b94f13ddbe4cb5077f7221ad.jpg</filename>
	<path>374_mask_jpg.rf.e21a2e19b94f13ddbe4cb5077f7221ad.jpg</path>
	<source>
		<database>roboflow.ai</database>
	</source>
	<size>
		<width>416</width>
		<height>416</height>
		<depth>3</depth>
	</size>
	<segmented>0</segmented>
	<object>
		<name>mask</name>
		<pose>Unspecified</pose>
		<truncated>0</truncated>
		<difficult>0</difficult>
		<occluded>0</occluded>
		<bndbox>
			<xmin>166</xmin>
			<xmax>263</xmax>
			<ymin>122</ymin>
			<ymax>347</ymax>
		</bndbox>
	</object>
	<object>
		<name>mask</name>
		<pose>Unspecified</pose>
		<truncated>0</truncated>
		<difficult>0</difficult>
		<occluded>0</occluded>
		<bndbox>
			<xmin>254</xmin>
			<xmax>317</xmax>
			<ymin>137</ymin>
			<ymax>350</ymax>
		</bndbox>
	</object>
</annotation>
