<annotation>
	<folder></folder>
	<filename>375_mask_jpg.rf.6b8bdcbce944f7a5ca690acbe9e911a5.jpg</filename>
	<path>375_mask_jpg.rf.6b8bdcbce944f7a5ca690acbe9e911a5.jpg</path>
	<source>
		<database>roboflow.ai</database>
	</source>
	<size>
		<width>416</width>
		<height>416</height>
		<depth>3</depth>
	</size>
	<segmented>0</segmented>
	<object>
		<name>mask</name>
		<pose>Unspecified</pose>
		<truncated>0</truncated>
		<difficult>0</difficult>
		<occluded>0</occluded>
		<bndbox>
			<xmin>233</xmin>
			<xmax>339</xmax>
			<ymin>138</ymin>
			<ymax>330</ymax>
		</bndbox>
	</object>
</annotation>
