<annotation>
	<folder></folder>
	<filename>376_mask_jpg.rf.9b7f10e42b58184a4425d1438e20237f.jpg</filename>
	<path>376_mask_jpg.rf.9b7f10e42b58184a4425d1438e20237f.jpg</path>
	<source>
		<database>roboflow.ai</database>
	</source>
	<size>
		<width>416</width>
		<height>416</height>
		<depth>3</depth>
	</size>
	<segmented>0</segmented>
	<object>
		<name>mask</name>
		<pose>Unspecified</pose>
		<truncated>0</truncated>
		<difficult>0</difficult>
		<occluded>0</occluded>
		<bndbox>
			<xmin>207</xmin>
			<xmax>361</xmax>
			<ymin>96</ymin>
			<ymax>380</ymax>
		</bndbox>
	</object>
	<object>
		<name>mask</name>
		<pose>Unspecified</pose>
		<truncated>0</truncated>
		<difficult>0</difficult>
		<occluded>0</occluded>
		<bndbox>
			<xmin>106</xmin>
			<xmax>205</xmax>
			<ymin>131</ymin>
			<ymax>345</ymax>
		</bndbox>
	</object>
</annotation>
