<annotation>
	<folder></folder>
	<filename>377_mask_jpg.rf.e498defe450a69f52254fc4ed830807a.jpg</filename>
	<path>377_mask_jpg.rf.e498defe450a69f52254fc4ed830807a.jpg</path>
	<source>
		<database>roboflow.ai</database>
	</source>
	<size>
		<width>416</width>
		<height>416</height>
		<depth>3</depth>
	</size>
	<segmented>0</segmented>
	<object>
		<name>mask</name>
		<pose>Unspecified</pose>
		<truncated>0</truncated>
		<difficult>0</difficult>
		<occluded>0</occluded>
		<bndbox>
			<xmin>163</xmin>
			<xmax>242</xmax>
			<ymin>48</ymin>
			<ymax>210</ymax>
		</bndbox>
	</object>
</annotation>
