<annotation>
	<folder></folder>
	<filename>378_mask_jpg.rf.76e62b591cbbfc4d5695ba744e2ce158.jpg</filename>
	<path>378_mask_jpg.rf.76e62b591cbbfc4d5695ba744e2ce158.jpg</path>
	<source>
		<database>roboflow.ai</database>
	</source>
	<size>
		<width>416</width>
		<height>416</height>
		<depth>3</depth>
	</size>
	<segmented>0</segmented>
	<object>
		<name>none</name>
		<pose>Unspecified</pose>
		<truncated>0</truncated>
		<difficult>0</difficult>
		<occluded>0</occluded>
		<bndbox>
			<xmin>268</xmin>
			<xmax>313</xmax>
			<ymin>61</ymin>
			<ymax>136</ymax>
		</bndbox>
	</object>
	<object>
		<name>none</name>
		<pose>Unspecified</pose>
		<truncated>0</truncated>
		<difficult>0</difficult>
		<occluded>0</occluded>
		<bndbox>
			<xmin>77</xmin>
			<xmax>130</xmax>
			<ymin>74</ymin>
			<ymax>175</ymax>
		</bndbox>
	</object>
</annotation>
