<annotation>
	<folder></folder>
	<filename>380ba2c750bacbf52432089e87796264_jpg.rf.ed54bce6579eb04dbc777a6504ced8b0.jpg</filename>
	<path>380ba2c750bacbf52432089e87796264_jpg.rf.ed54bce6579eb04dbc777a6504ced8b0.jpg</path>
	<source>
		<database>roboflow.ai</database>
	</source>
	<size>
		<width>416</width>
		<height>416</height>
		<depth>3</depth>
	</size>
	<segmented>0</segmented>
	<object>
		<name>mask</name>
		<pose>Unspecified</pose>
		<truncated>0</truncated>
		<difficult>0</difficult>
		<occluded>0</occluded>
		<bndbox>
			<xmin>138</xmin>
			<xmax>217</xmax>
			<ymin>72</ymin>
			<ymax>200</ymax>
		</bndbox>
	</object>
	<object>
		<name>mask</name>
		<pose>Unspecified</pose>
		<truncated>0</truncated>
		<difficult>0</difficult>
		<occluded>0</occluded>
		<bndbox>
			<xmin>344</xmin>
			<xmax>391</xmax>
			<ymin>109</ymin>
			<ymax>186</ymax>
		</bndbox>
	</object>
</annotation>
