<annotation>
	<folder></folder>
	<filename>383_mask_jpg.rf.888c31eac4d80b942f085a0fc237cabc.jpg</filename>
	<path>383_mask_jpg.rf.888c31eac4d80b942f085a0fc237cabc.jpg</path>
	<source>
		<database>roboflow.ai</database>
	</source>
	<size>
		<width>416</width>
		<height>416</height>
		<depth>3</depth>
	</size>
	<segmented>0</segmented>
	<object>
		<name>mask</name>
		<pose>Unspecified</pose>
		<truncated>0</truncated>
		<difficult>0</difficult>
		<occluded>0</occluded>
		<bndbox>
			<xmin>90</xmin>
			<xmax>180</xmax>
			<ymin>104</ymin>
			<ymax>307</ymax>
		</bndbox>
	</object>
	<object>
		<name>mask</name>
		<pose>Unspecified</pose>
		<truncated>0</truncated>
		<difficult>0</difficult>
		<occluded>0</occluded>
		<bndbox>
			<xmin>253</xmin>
			<xmax>321</xmax>
			<ymin>157</ymin>
			<ymax>308</ymax>
		</bndbox>
	</object>
	<object>
		<name>mask</name>
		<pose>Unspecified</pose>
		<truncated>0</truncated>
		<difficult>0</difficult>
		<occluded>0</occluded>
		<bndbox>
			<xmin>341</xmin>
			<xmax>389</xmax>
			<ymin>134</ymin>
			<ymax>270</ymax>
		</bndbox>
	</object>
</annotation>
