<annotation>
	<folder></folder>
	<filename>384_mask_jpg.rf.1781b3e3de1e0d7ef3c9edddae39a52c.jpg</filename>
	<path>384_mask_jpg.rf.1781b3e3de1e0d7ef3c9edddae39a52c.jpg</path>
	<source>
		<database>roboflow.ai</database>
	</source>
	<size>
		<width>416</width>
		<height>416</height>
		<depth>3</depth>
	</size>
	<segmented>0</segmented>
	<object>
		<name>mask</name>
		<pose>Unspecified</pose>
		<truncated>0</truncated>
		<difficult>0</difficult>
		<occluded>0</occluded>
		<bndbox>
			<xmin>176</xmin>
			<xmax>254</xmax>
			<ymin>84</ymin>
			<ymax>244</ymax>
		</bndbox>
	</object>
	<object>
		<name>mask</name>
		<pose>Unspecified</pose>
		<truncated>0</truncated>
		<difficult>0</difficult>
		<occluded>0</occluded>
		<bndbox>
			<xmin>306</xmin>
			<xmax>378</xmax>
			<ymin>136</ymin>
			<ymax>268</ymax>
		</bndbox>
	</object>
	<object>
		<name>mask</name>
		<pose>Unspecified</pose>
		<truncated>0</truncated>
		<difficult>0</difficult>
		<occluded>0</occluded>
		<bndbox>
			<xmin>63</xmin>
			<xmax>162</xmax>
			<ymin>57</ymin>
			<ymax>306</ymax>
		</bndbox>
	</object>
</annotation>
