<annotation>
	<folder></folder>
	<filename>385_mask_jpg.rf.c8179223998fe49d97a9051784d108cd.jpg</filename>
	<path>385_mask_jpg.rf.c8179223998fe49d97a9051784d108cd.jpg</path>
	<source>
		<database>roboflow.ai</database>
	</source>
	<size>
		<width>416</width>
		<height>416</height>
		<depth>3</depth>
	</size>
	<segmented>0</segmented>
	<object>
		<name>mask</name>
		<pose>Unspecified</pose>
		<truncated>0</truncated>
		<difficult>0</difficult>
		<occluded>0</occluded>
		<bndbox>
			<xmin>112</xmin>
			<xmax>285</xmax>
			<ymin>117</ymin>
			<ymax>312</ymax>
		</bndbox>
	</object>
</annotation>
