<annotation>
	<folder></folder>
	<filename>3895941437_b95f32a3f9_b_jpg.rf.b25a7790c6ad443e0baf6bb680849d30.jpg</filename>
	<path>3895941437_b95f32a3f9_b_jpg.rf.b25a7790c6ad443e0baf6bb680849d30.jpg</path>
	<source>
		<database>roboflow.ai</database>
	</source>
	<size>
		<width>416</width>
		<height>416</height>
		<depth>3</depth>
	</size>
	<segmented>0</segmented>
	<object>
		<name>mask</name>
		<pose>Unspecified</pose>
		<truncated>0</truncated>
		<difficult>0</difficult>
		<occluded>0</occluded>
		<bndbox>
			<xmin>263</xmin>
			<xmax>356</xmax>
			<ymin>160</ymin>
			<ymax>291</ymax>
		</bndbox>
	</object>
	<object>
		<name>mask</name>
		<pose>Unspecified</pose>
		<truncated>0</truncated>
		<difficult>0</difficult>
		<occluded>0</occluded>
		<bndbox>
			<xmin>159</xmin>
			<xmax>231</xmax>
			<ymin>133</ymin>
			<ymax>241</ymax>
		</bndbox>
	</object>
	<object>
		<name>mask</name>
		<pose>Unspecified</pose>
		<truncated>0</truncated>
		<difficult>0</difficult>
		<occluded>0</occluded>
		<bndbox>
			<xmin>125</xmin>
			<xmax>180</xmax>
			<ymin>186</ymin>
			<ymax>269</ymax>
		</bndbox>
	</object>
	<object>
		<name>none</name>
		<pose>Unspecified</pose>
		<truncated>0</truncated>
		<difficult>0</difficult>
		<occluded>0</occluded>
		<bndbox>
			<xmin>123</xmin>
			<xmax>141</xmax>
			<ymin>91</ymin>
			<ymax>124</ymax>
		</bndbox>
	</object>
</annotation>
