<annotation>
	<folder></folder>
	<filename>389_mask_jpg.rf.84b92615ff46463159d23e879ab0ce89.jpg</filename>
	<path>389_mask_jpg.rf.84b92615ff46463159d23e879ab0ce89.jpg</path>
	<source>
		<database>roboflow.ai</database>
	</source>
	<size>
		<width>416</width>
		<height>416</height>
		<depth>3</depth>
	</size>
	<segmented>0</segmented>
	<object>
		<name>mask</name>
		<pose>Unspecified</pose>
		<truncated>0</truncated>
		<difficult>0</difficult>
		<occluded>0</occluded>
		<bndbox>
			<xmin>141</xmin>
			<xmax>197</xmax>
			<ymin>176</ymin>
			<ymax>274</ymax>
		</bndbox>
	</object>
	<object>
		<name>mask</name>
		<pose>Unspecified</pose>
		<truncated>0</truncated>
		<difficult>0</difficult>
		<occluded>0</occluded>
		<bndbox>
			<xmin>222</xmin>
			<xmax>275</xmax>
			<ymin>38</ymin>
			<ymax>142</ymax>
		</bndbox>
	</object>
	<object>
		<name>mask</name>
		<pose>Unspecified</pose>
		<truncated>0</truncated>
		<difficult>0</difficult>
		<occluded>0</occluded>
		<bndbox>
			<xmin>316</xmin>
			<xmax>359</xmax>
			<ymin>71</ymin>
			<ymax>167</ymax>
		</bndbox>
	</object>
</annotation>
