<annotation>
	<folder></folder>
	<filename>390_mask_jpg.rf.c71319cb01a241dd112e8c98f317d5d0.jpg</filename>
	<path>390_mask_jpg.rf.c71319cb01a241dd112e8c98f317d5d0.jpg</path>
	<source>
		<database>roboflow.ai</database>
	</source>
	<size>
		<width>416</width>
		<height>416</height>
		<depth>3</depth>
	</size>
	<segmented>0</segmented>
	<object>
		<name>mask</name>
		<pose>Unspecified</pose>
		<truncated>0</truncated>
		<difficult>0</difficult>
		<occluded>0</occluded>
		<bndbox>
			<xmin>273</xmin>
			<xmax>364</xmax>
			<ymin>96</ymin>
			<ymax>273</ymax>
		</bndbox>
	</object>
	<object>
		<name>mask</name>
		<pose>Unspecified</pose>
		<truncated>0</truncated>
		<difficult>0</difficult>
		<occluded>0</occluded>
		<bndbox>
			<xmin>110</xmin>
			<xmax>158</xmax>
			<ymin>86</ymin>
			<ymax>206</ymax>
		</bndbox>
	</object>
</annotation>
