<annotation>
	<folder></folder>
	<filename>391_mask_jpg.rf.9feb91c4785802bb702ce20bcda2e830.jpg</filename>
	<path>391_mask_jpg.rf.9feb91c4785802bb702ce20bcda2e830.jpg</path>
	<source>
		<database>roboflow.ai</database>
	</source>
	<size>
		<width>416</width>
		<height>416</height>
		<depth>3</depth>
	</size>
	<segmented>0</segmented>
	<object>
		<name>mask</name>
		<pose>Unspecified</pose>
		<truncated>0</truncated>
		<difficult>0</difficult>
		<occluded>0</occluded>
		<bndbox>
			<xmin>171</xmin>
			<xmax>378</xmax>
			<ymin>93</ymin>
			<ymax>350</ymax>
		</bndbox>
	</object>
</annotation>
