<annotation>
	<folder></folder>
	<filename>392_mask_jpg.rf.8e554f22056a03ac077678cf3f5f1b91.jpg</filename>
	<path>392_mask_jpg.rf.8e554f22056a03ac077678cf3f5f1b91.jpg</path>
	<source>
		<database>roboflow.ai</database>
	</source>
	<size>
		<width>416</width>
		<height>416</height>
		<depth>3</depth>
	</size>
	<segmented>0</segmented>
	<object>
		<name>mask</name>
		<pose>Unspecified</pose>
		<truncated>0</truncated>
		<difficult>0</difficult>
		<occluded>0</occluded>
		<bndbox>
			<xmin>293</xmin>
			<xmax>345</xmax>
			<ymin>98</ymin>
			<ymax>257</ymax>
		</bndbox>
	</object>
	<object>
		<name>mask</name>
		<pose>Unspecified</pose>
		<truncated>0</truncated>
		<difficult>0</difficult>
		<occluded>0</occluded>
		<bndbox>
			<xmin>122</xmin>
			<xmax>175</xmax>
			<ymin>68</ymin>
			<ymax>195</ymax>
		</bndbox>
	</object>
</annotation>
