<annotation>
	<folder></folder>
	<filename>393_mask_jpg.rf.7a235dfcda611df9754d918aeee40794.jpg</filename>
	<path>393_mask_jpg.rf.7a235dfcda611df9754d918aeee40794.jpg</path>
	<source>
		<database>roboflow.ai</database>
	</source>
	<size>
		<width>416</width>
		<height>416</height>
		<depth>3</depth>
	</size>
	<segmented>0</segmented>
	<object>
		<name>mask</name>
		<pose>Unspecified</pose>
		<truncated>0</truncated>
		<difficult>0</difficult>
		<occluded>0</occluded>
		<bndbox>
			<xmin>98</xmin>
			<xmax>231</xmax>
			<ymin>106</ymin>
			<ymax>385</ymax>
		</bndbox>
	</object>
</annotation>
