<annotation>
	<folder></folder>
	<filename>394_mask_jpg.rf.73e8b44f4c4b2b8b60b630bb51cfc5c6.jpg</filename>
	<path>394_mask_jpg.rf.73e8b44f4c4b2b8b60b630bb51cfc5c6.jpg</path>
	<source>
		<database>roboflow.ai</database>
	</source>
	<size>
		<width>416</width>
		<height>416</height>
		<depth>3</depth>
	</size>
	<segmented>0</segmented>
	<object>
		<name>mask</name>
		<pose>Unspecified</pose>
		<truncated>0</truncated>
		<difficult>0</difficult>
		<occluded>0</occluded>
		<bndbox>
			<xmin>117</xmin>
			<xmax>216</xmax>
			<ymin>29</ymin>
			<ymax>254</ymax>
		</bndbox>
	</object>
</annotation>
