<annotation>
	<folder></folder>
	<filename>397_mask_jpg.rf.423f19d1874b17cae64e527c30edd6e9.jpg</filename>
	<path>397_mask_jpg.rf.423f19d1874b17cae64e527c30edd6e9.jpg</path>
	<source>
		<database>roboflow.ai</database>
	</source>
	<size>
		<width>416</width>
		<height>416</height>
		<depth>3</depth>
	</size>
	<segmented>0</segmented>
	<object>
		<name>mask</name>
		<pose>Unspecified</pose>
		<truncated>0</truncated>
		<difficult>0</difficult>
		<occluded>0</occluded>
		<bndbox>
			<xmin>249</xmin>
			<xmax>338</xmax>
			<ymin>68</ymin>
			<ymax>235</ymax>
		</bndbox>
	</object>
</annotation>
