<annotation>
	<folder></folder>
	<filename>400_mask_jpg.rf.bb0b24e73b46f4ed02cb2676d65cc67d.jpg</filename>
	<path>400_mask_jpg.rf.bb0b24e73b46f4ed02cb2676d65cc67d.jpg</path>
	<source>
		<database>roboflow.ai</database>
	</source>
	<size>
		<width>416</width>
		<height>416</height>
		<depth>3</depth>
	</size>
	<segmented>0</segmented>
	<object>
		<name>mask</name>
		<pose>Unspecified</pose>
		<truncated>0</truncated>
		<difficult>0</difficult>
		<occluded>0</occluded>
		<bndbox>
			<xmin>66</xmin>
			<xmax>266</xmax>
			<ymin>8</ymin>
			<ymax>228</ymax>
		</bndbox>
	</object>
</annotation>
