<annotation>
	<folder></folder>
	<filename>402_mask_jpg.rf.84c712278e3d5c825bce022fe927a1ef.jpg</filename>
	<path>402_mask_jpg.rf.84c712278e3d5c825bce022fe927a1ef.jpg</path>
	<source>
		<database>roboflow.ai</database>
	</source>
	<size>
		<width>416</width>
		<height>416</height>
		<depth>3</depth>
	</size>
	<segmented>0</segmented>
	<object>
		<name>mask</name>
		<pose>Unspecified</pose>
		<truncated>0</truncated>
		<difficult>0</difficult>
		<occluded>0</occluded>
		<bndbox>
			<xmin>152</xmin>
			<xmax>282</xmax>
			<ymin>1</ymin>
			<ymax>293</ymax>
		</bndbox>
	</object>
</annotation>
