<annotation>
	<folder></folder>
	<filename>405_mask_jpg.rf.ebd65c0b4a0e5558f6cd12e8abe26a67.jpg</filename>
	<path>405_mask_jpg.rf.ebd65c0b4a0e5558f6cd12e8abe26a67.jpg</path>
	<source>
		<database>roboflow.ai</database>
	</source>
	<size>
		<width>416</width>
		<height>416</height>
		<depth>3</depth>
	</size>
	<segmented>0</segmented>
	<object>
		<name>mask</name>
		<pose>Unspecified</pose>
		<truncated>0</truncated>
		<difficult>0</difficult>
		<occluded>0</occluded>
		<bndbox>
			<xmin>143</xmin>
			<xmax>210</xmax>
			<ymin>57</ymin>
			<ymax>194</ymax>
		</bndbox>
	</object>
</annotation>
