<annotation>
	<folder></folder>
	<filename>406_mask_jpg.rf.39b379d947d28cf84efa11d2e406b593.jpg</filename>
	<path>406_mask_jpg.rf.39b379d947d28cf84efa11d2e406b593.jpg</path>
	<source>
		<database>roboflow.ai</database>
	</source>
	<size>
		<width>416</width>
		<height>416</height>
		<depth>3</depth>
	</size>
	<segmented>0</segmented>
	<object>
		<name>mask</name>
		<pose>Unspecified</pose>
		<truncated>0</truncated>
		<difficult>0</difficult>
		<occluded>0</occluded>
		<bndbox>
			<xmin>301</xmin>
			<xmax>357</xmax>
			<ymin>122</ymin>
			<ymax>250</ymax>
		</bndbox>
	</object>
	<object>
		<name>mask</name>
		<pose>Unspecified</pose>
		<truncated>0</truncated>
		<difficult>0</difficult>
		<occluded>0</occluded>
		<bndbox>
			<xmin>53</xmin>
			<xmax>104</xmax>
			<ymin>60</ymin>
			<ymax>173</ymax>
		</bndbox>
	</object>
	<object>
		<name>mask</name>
		<pose>Unspecified</pose>
		<truncated>0</truncated>
		<difficult>0</difficult>
		<occluded>0</occluded>
		<bndbox>
			<xmin>154</xmin>
			<xmax>205</xmax>
			<ymin>94</ymin>
			<ymax>199</ymax>
		</bndbox>
	</object>
</annotation>
