<annotation>
	<folder></folder>
	<filename>407_mask_jpg.rf.6e4b62c788142f5714bbd93450500a51.jpg</filename>
	<path>407_mask_jpg.rf.6e4b62c788142f5714bbd93450500a51.jpg</path>
	<source>
		<database>roboflow.ai</database>
	</source>
	<size>
		<width>416</width>
		<height>416</height>
		<depth>3</depth>
	</size>
	<segmented>0</segmented>
	<object>
		<name>mask</name>
		<pose>Unspecified</pose>
		<truncated>0</truncated>
		<difficult>0</difficult>
		<occluded>0</occluded>
		<bndbox>
			<xmin>142</xmin>
			<xmax>274</xmax>
			<ymin>76</ymin>
			<ymax>330</ymax>
		</bndbox>
	</object>
</annotation>
