<annotation>
	<folder></folder>
	<filename>410_mask_jpg.rf.52e3482cff578c1679f36f2c9f769a95.jpg</filename>
	<path>410_mask_jpg.rf.52e3482cff578c1679f36f2c9f769a95.jpg</path>
	<source>
		<database>roboflow.ai</database>
	</source>
	<size>
		<width>416</width>
		<height>416</height>
		<depth>3</depth>
	</size>
	<segmented>0</segmented>
	<object>
		<name>mask</name>
		<pose>Unspecified</pose>
		<truncated>0</truncated>
		<difficult>0</difficult>
		<occluded>0</occluded>
		<bndbox>
			<xmin>116</xmin>
			<xmax>301</xmax>
			<ymin>25</ymin>
			<ymax>386</ymax>
		</bndbox>
	</object>
</annotation>
