<annotation>
	<folder></folder>
	<filename>412_mask_jpg.rf.89c96ba8880de6703fd4c97702e0624e.jpg</filename>
	<path>412_mask_jpg.rf.89c96ba8880de6703fd4c97702e0624e.jpg</path>
	<source>
		<database>roboflow.ai</database>
	</source>
	<size>
		<width>416</width>
		<height>416</height>
		<depth>3</depth>
	</size>
	<segmented>0</segmented>
	<object>
		<name>mask</name>
		<pose>Unspecified</pose>
		<truncated>0</truncated>
		<difficult>0</difficult>
		<occluded>0</occluded>
		<bndbox>
			<xmin>173</xmin>
			<xmax>246</xmax>
			<ymin>75</ymin>
			<ymax>203</ymax>
		</bndbox>
	</object>
</annotation>
