<annotation>
	<folder></folder>
	<filename>416_mask_jpg.rf.375f5a9fb68456506363cb33ed337e02.jpg</filename>
	<path>416_mask_jpg.rf.375f5a9fb68456506363cb33ed337e02.jpg</path>
	<source>
		<database>roboflow.ai</database>
	</source>
	<size>
		<width>416</width>
		<height>416</height>
		<depth>3</depth>
	</size>
	<segmented>0</segmented>
	<object>
		<name>mask</name>
		<pose>Unspecified</pose>
		<truncated>0</truncated>
		<difficult>0</difficult>
		<occluded>0</occluded>
		<bndbox>
			<xmin>148</xmin>
			<xmax>197</xmax>
			<ymin>65</ymin>
			<ymax>160</ymax>
		</bndbox>
	</object>
</annotation>
