<annotation>
	<folder></folder>
	<filename>417_mask_jpg.rf.5dc9264d1fa9ede5a5b32edddbbe61c9.jpg</filename>
	<path>417_mask_jpg.rf.5dc9264d1fa9ede5a5b32edddbbe61c9.jpg</path>
	<source>
		<database>roboflow.ai</database>
	</source>
	<size>
		<width>416</width>
		<height>416</height>
		<depth>3</depth>
	</size>
	<segmented>0</segmented>
	<object>
		<name>mask</name>
		<pose>Unspecified</pose>
		<truncated>0</truncated>
		<difficult>0</difficult>
		<occluded>0</occluded>
		<bndbox>
			<xmin>105</xmin>
			<xmax>179</xmax>
			<ymin>118</ymin>
			<ymax>258</ymax>
		</bndbox>
	</object>
</annotation>
