<annotation>
	<folder></folder>
	<filename>419_mask_jpg.rf.bb88dd588d179475805970bd83df071f.jpg</filename>
	<path>419_mask_jpg.rf.bb88dd588d179475805970bd83df071f.jpg</path>
	<source>
		<database>roboflow.ai</database>
	</source>
	<size>
		<width>416</width>
		<height>416</height>
		<depth>3</depth>
	</size>
	<segmented>0</segmented>
	<object>
		<name>mask</name>
		<pose>Unspecified</pose>
		<truncated>0</truncated>
		<difficult>0</difficult>
		<occluded>0</occluded>
		<bndbox>
			<xmin>117</xmin>
			<xmax>330</xmax>
			<ymin>101</ymin>
			<ymax>254</ymax>
		</bndbox>
	</object>
</annotation>
