<annotation>
	<folder></folder>
	<filename>421_mask_jpg.rf.ab94873003b6a52f3c964799274da83f.jpg</filename>
	<path>421_mask_jpg.rf.ab94873003b6a52f3c964799274da83f.jpg</path>
	<source>
		<database>roboflow.ai</database>
	</source>
	<size>
		<width>416</width>
		<height>416</height>
		<depth>3</depth>
	</size>
	<segmented>0</segmented>
	<object>
		<name>mask</name>
		<pose>Unspecified</pose>
		<truncated>0</truncated>
		<difficult>0</difficult>
		<occluded>0</occluded>
		<bndbox>
			<xmin>76</xmin>
			<xmax>311</xmax>
			<ymin>2</ymin>
			<ymax>412</ymax>
		</bndbox>
	</object>
</annotation>
