<annotation>
	<folder></folder>
	<filename>422_mask_jpg.rf.25fcfd467d315b40395350ce79b865c7.jpg</filename>
	<path>422_mask_jpg.rf.25fcfd467d315b40395350ce79b865c7.jpg</path>
	<source>
		<database>roboflow.ai</database>
	</source>
	<size>
		<width>416</width>
		<height>416</height>
		<depth>3</depth>
	</size>
	<segmented>0</segmented>
	<object>
		<name>mask</name>
		<pose>Unspecified</pose>
		<truncated>0</truncated>
		<difficult>0</difficult>
		<occluded>0</occluded>
		<bndbox>
			<xmin>175</xmin>
			<xmax>290</xmax>
			<ymin>163</ymin>
			<ymax>339</ymax>
		</bndbox>
	</object>
</annotation>
