<annotation>
	<folder></folder>
	<filename>423_mask_jpg.rf.85b1790cab1cb554e330d76e043dd107.jpg</filename>
	<path>423_mask_jpg.rf.85b1790cab1cb554e330d76e043dd107.jpg</path>
	<source>
		<database>roboflow.ai</database>
	</source>
	<size>
		<width>416</width>
		<height>416</height>
		<depth>3</depth>
	</size>
	<segmented>0</segmented>
	<object>
		<name>mask</name>
		<pose>Unspecified</pose>
		<truncated>0</truncated>
		<difficult>0</difficult>
		<occluded>0</occluded>
		<bndbox>
			<xmin>104</xmin>
			<xmax>171</xmax>
			<ymin>43</ymin>
			<ymax>180</ymax>
		</bndbox>
	</object>
	<object>
		<name>mask</name>
		<pose>Unspecified</pose>
		<truncated>0</truncated>
		<difficult>0</difficult>
		<occluded>0</occluded>
		<bndbox>
			<xmin>267</xmin>
			<xmax>325</xmax>
			<ymin>63</ymin>
			<ymax>184</ymax>
		</bndbox>
	</object>
</annotation>
