<annotation>
	<folder></folder>
	<filename>425_mask_jpg.rf.d0a01d05c4b62fc8949efc4b765f5d3f.jpg</filename>
	<path>425_mask_jpg.rf.d0a01d05c4b62fc8949efc4b765f5d3f.jpg</path>
	<source>
		<database>roboflow.ai</database>
	</source>
	<size>
		<width>416</width>
		<height>416</height>
		<depth>3</depth>
	</size>
	<segmented>0</segmented>
	<object>
		<name>mask</name>
		<pose>Unspecified</pose>
		<truncated>0</truncated>
		<difficult>0</difficult>
		<occluded>0</occluded>
		<bndbox>
			<xmin>186</xmin>
			<xmax>244</xmax>
			<ymin>46</ymin>
			<ymax>173</ymax>
		</bndbox>
	</object>
</annotation>
