<annotation>
	<folder></folder>
	<filename>427_mask_jpg.rf.a20af85e82f4be574f49ce19744b72d4.jpg</filename>
	<path>427_mask_jpg.rf.a20af85e82f4be574f49ce19744b72d4.jpg</path>
	<source>
		<database>roboflow.ai</database>
	</source>
	<size>
		<width>416</width>
		<height>416</height>
		<depth>3</depth>
	</size>
	<segmented>0</segmented>
	<object>
		<name>mask</name>
		<pose>Unspecified</pose>
		<truncated>0</truncated>
		<difficult>0</difficult>
		<occluded>0</occluded>
		<bndbox>
			<xmin>193</xmin>
			<xmax>247</xmax>
			<ymin>108</ymin>
			<ymax>211</ymax>
		</bndbox>
	</object>
</annotation>
