<annotation>
	<folder></folder>
	<filename>431_mask_jpg.rf.6c3d861a87cb913bd7ccb82474fbbcf5.jpg</filename>
	<path>431_mask_jpg.rf.6c3d861a87cb913bd7ccb82474fbbcf5.jpg</path>
	<source>
		<database>roboflow.ai</database>
	</source>
	<size>
		<width>416</width>
		<height>416</height>
		<depth>3</depth>
	</size>
	<segmented>0</segmented>
	<object>
		<name>mask</name>
		<pose>Unspecified</pose>
		<truncated>0</truncated>
		<difficult>0</difficult>
		<occluded>0</occluded>
		<bndbox>
			<xmin>203</xmin>
			<xmax>313</xmax>
			<ymin>68</ymin>
			<ymax>186</ymax>
		</bndbox>
	</object>
	<object>
		<name>mask</name>
		<pose>Unspecified</pose>
		<truncated>0</truncated>
		<difficult>0</difficult>
		<occluded>0</occluded>
		<bndbox>
			<xmin>88</xmin>
			<xmax>183</xmax>
			<ymin>55</ymin>
			<ymax>147</ymax>
		</bndbox>
	</object>
</annotation>
