<annotation>
	<folder></folder>
	<filename>433_mask_jpg.rf.ba490f0c04ee6352475b0b67a30cf749.jpg</filename>
	<path>433_mask_jpg.rf.ba490f0c04ee6352475b0b67a30cf749.jpg</path>
	<source>
		<database>roboflow.ai</database>
	</source>
	<size>
		<width>416</width>
		<height>416</height>
		<depth>3</depth>
	</size>
	<segmented>0</segmented>
	<object>
		<name>mask</name>
		<pose>Unspecified</pose>
		<truncated>0</truncated>
		<difficult>0</difficult>
		<occluded>0</occluded>
		<bndbox>
			<xmin>258</xmin>
			<xmax>348</xmax>
			<ymin>83</ymin>
			<ymax>283</ymax>
		</bndbox>
	</object>
	<object>
		<name>mask</name>
		<pose>Unspecified</pose>
		<truncated>0</truncated>
		<difficult>0</difficult>
		<occluded>0</occluded>
		<bndbox>
			<xmin>118</xmin>
			<xmax>202</xmax>
			<ymin>77</ymin>
			<ymax>287</ymax>
		</bndbox>
	</object>
</annotation>
