<annotation>
	<folder></folder>
	<filename>437_mask_jpg.rf.a6b84ce411129d243294b6ef5a97b571.jpg</filename>
	<path>437_mask_jpg.rf.a6b84ce411129d243294b6ef5a97b571.jpg</path>
	<source>
		<database>roboflow.ai</database>
	</source>
	<size>
		<width>416</width>
		<height>416</height>
		<depth>3</depth>
	</size>
	<segmented>0</segmented>
	<object>
		<name>mask</name>
		<pose>Unspecified</pose>
		<truncated>0</truncated>
		<difficult>0</difficult>
		<occluded>0</occluded>
		<bndbox>
			<xmin>89</xmin>
			<xmax>287</xmax>
			<ymin>2</ymin>
			<ymax>384</ymax>
		</bndbox>
	</object>
</annotation>
