<annotation>
	<folder></folder>
	<filename>438_mask_jpg.rf.8cedaabb5e2360859097c2f289a0c9da.jpg</filename>
	<path>438_mask_jpg.rf.8cedaabb5e2360859097c2f289a0c9da.jpg</path>
	<source>
		<database>roboflow.ai</database>
	</source>
	<size>
		<width>416</width>
		<height>416</height>
		<depth>3</depth>
	</size>
	<segmented>0</segmented>
	<object>
		<name>mask</name>
		<pose>Unspecified</pose>
		<truncated>0</truncated>
		<difficult>0</difficult>
		<occluded>0</occluded>
		<bndbox>
			<xmin>41</xmin>
			<xmax>320</xmax>
			<ymin>1</ymin>
			<ymax>416</ymax>
		</bndbox>
	</object>
</annotation>
