<annotation>
	<folder></folder>
	<filename>439_mask_jpg.rf.2e5d8f58c2638f65bd841929cf1315ad.jpg</filename>
	<path>439_mask_jpg.rf.2e5d8f58c2638f65bd841929cf1315ad.jpg</path>
	<source>
		<database>roboflow.ai</database>
	</source>
	<size>
		<width>416</width>
		<height>416</height>
		<depth>3</depth>
	</size>
	<segmented>0</segmented>
	<object>
		<name>mask</name>
		<pose>Unspecified</pose>
		<truncated>0</truncated>
		<difficult>0</difficult>
		<occluded>0</occluded>
		<bndbox>
			<xmin>138</xmin>
			<xmax>250</xmax>
			<ymin>127</ymin>
			<ymax>253</ymax>
		</bndbox>
	</object>
	<object>
		<name>mask</name>
		<pose>Unspecified</pose>
		<truncated>0</truncated>
		<difficult>0</difficult>
		<occluded>0</occluded>
		<bndbox>
			<xmin>1</xmin>
			<xmax>70</xmax>
			<ymin>26</ymin>
			<ymax>134</ymax>
		</bndbox>
	</object>
	<object>
		<name>none</name>
		<pose>Unspecified</pose>
		<truncated>0</truncated>
		<difficult>0</difficult>
		<occluded>0</occluded>
		<bndbox>
			<xmin>287</xmin>
			<xmax>367</xmax>
			<ymin>26</ymin>
			<ymax>140</ymax>
		</bndbox>
	</object>
</annotation>
