<annotation>
	<folder></folder>
	<filename>440_mask_jpg.rf.9106203119aac0d7ba301885279b469d.jpg</filename>
	<path>440_mask_jpg.rf.9106203119aac0d7ba301885279b469d.jpg</path>
	<source>
		<database>roboflow.ai</database>
	</source>
	<size>
		<width>416</width>
		<height>416</height>
		<depth>3</depth>
	</size>
	<segmented>0</segmented>
	<object>
		<name>mask</name>
		<pose>Unspecified</pose>
		<truncated>0</truncated>
		<difficult>0</difficult>
		<occluded>0</occluded>
		<bndbox>
			<xmin>213</xmin>
			<xmax>310</xmax>
			<ymin>109</ymin>
			<ymax>296</ymax>
		</bndbox>
	</object>
</annotation>
