<annotation>
	<folder></folder>
	<filename>443_mask_jpg.rf.f1e8b0689604fe162f6c74751ca28b82.jpg</filename>
	<path>443_mask_jpg.rf.f1e8b0689604fe162f6c74751ca28b82.jpg</path>
	<source>
		<database>roboflow.ai</database>
	</source>
	<size>
		<width>416</width>
		<height>416</height>
		<depth>3</depth>
	</size>
	<segmented>0</segmented>
	<object>
		<name>mask</name>
		<pose>Unspecified</pose>
		<truncated>0</truncated>
		<difficult>0</difficult>
		<occluded>0</occluded>
		<bndbox>
			<xmin>150</xmin>
			<xmax>273</xmax>
			<ymin>58</ymin>
			<ymax>324</ymax>
		</bndbox>
	</object>
	<object>
		<name>mask</name>
		<pose>Unspecified</pose>
		<truncated>0</truncated>
		<difficult>0</difficult>
		<occluded>0</occluded>
		<bndbox>
			<xmin>254</xmin>
			<xmax>331</xmax>
			<ymin>86</ymin>
			<ymax>284</ymax>
		</bndbox>
	</object>
	<object>
		<name>mask</name>
		<pose>Unspecified</pose>
		<truncated>0</truncated>
		<difficult>0</difficult>
		<occluded>0</occluded>
		<bndbox>
			<xmin>70</xmin>
			<xmax>155</xmax>
			<ymin>61</ymin>
			<ymax>285</ymax>
		</bndbox>
	</object>
</annotation>
