<annotation>
	<folder></folder>
	<filename>444_mask_jpg.rf.dd1de894f34bcf25dd6b639e41db1961.jpg</filename>
	<path>444_mask_jpg.rf.dd1de894f34bcf25dd6b639e41db1961.jpg</path>
	<source>
		<database>roboflow.ai</database>
	</source>
	<size>
		<width>416</width>
		<height>416</height>
		<depth>3</depth>
	</size>
	<segmented>0</segmented>
	<object>
		<name>mask</name>
		<pose>Unspecified</pose>
		<truncated>0</truncated>
		<difficult>0</difficult>
		<occluded>0</occluded>
		<bndbox>
			<xmin>145</xmin>
			<xmax>177</xmax>
			<ymin>63</ymin>
			<ymax>156</ymax>
		</bndbox>
	</object>
	<object>
		<name>none</name>
		<pose>Unspecified</pose>
		<truncated>0</truncated>
		<difficult>0</difficult>
		<occluded>0</occluded>
		<bndbox>
			<xmin>188</xmin>
			<xmax>196</xmax>
			<ymin>42</ymin>
			<ymax>57</ymax>
		</bndbox>
	</object>
</annotation>
