<annotation>
	<folder></folder>
	<filename>449_mask_jpg.rf.4c249068b770b660af60b88ec2365e5d.jpg</filename>
	<path>449_mask_jpg.rf.4c249068b770b660af60b88ec2365e5d.jpg</path>
	<source>
		<database>roboflow.ai</database>
	</source>
	<size>
		<width>416</width>
		<height>416</height>
		<depth>3</depth>
	</size>
	<segmented>0</segmented>
	<object>
		<name>mask</name>
		<pose>Unspecified</pose>
		<truncated>0</truncated>
		<difficult>0</difficult>
		<occluded>0</occluded>
		<bndbox>
			<xmin>174</xmin>
			<xmax>225</xmax>
			<ymin>133</ymin>
			<ymax>257</ymax>
		</bndbox>
	</object>
</annotation>
