<annotation>
	<folder></folder>
	<filename>464652_jpg.rf.5078d42adfe028da9811049bccbbb25d.jpg</filename>
	<path>464652_jpg.rf.5078d42adfe028da9811049bccbbb25d.jpg</path>
	<source>
		<database>roboflow.ai</database>
	</source>
	<size>
		<width>416</width>
		<height>416</height>
		<depth>3</depth>
	</size>
	<segmented>0</segmented>
	<object>
		<name>mask</name>
		<pose>Unspecified</pose>
		<truncated>0</truncated>
		<difficult>0</difficult>
		<occluded>0</occluded>
		<bndbox>
			<xmin>221</xmin>
			<xmax>261</xmax>
			<ymin>106</ymin>
			<ymax>195</ymax>
		</bndbox>
	</object>
</annotation>
