<annotation>
	<folder></folder>
	<filename>4646_jpg.rf.ff3fbc5d5f7bce3604ff16db484c2e37.jpg</filename>
	<path>4646_jpg.rf.ff3fbc5d5f7bce3604ff16db484c2e37.jpg</path>
	<source>
		<database>roboflow.ai</database>
	</source>
	<size>
		<width>416</width>
		<height>416</height>
		<depth>3</depth>
	</size>
	<segmented>0</segmented>
	<object>
		<name>mask</name>
		<pose>Unspecified</pose>
		<truncated>0</truncated>
		<difficult>0</difficult>
		<occluded>0</occluded>
		<bndbox>
			<xmin>180</xmin>
			<xmax>257</xmax>
			<ymin>147</ymin>
			<ymax>291</ymax>
		</bndbox>
	</object>
</annotation>
