<annotation>
	<folder></folder>
	<filename>465_mask_jpg.rf.347bf20b2cefca8045d5a8dba6b2841d.jpg</filename>
	<path>465_mask_jpg.rf.347bf20b2cefca8045d5a8dba6b2841d.jpg</path>
	<source>
		<database>roboflow.ai</database>
	</source>
	<size>
		<width>416</width>
		<height>416</height>
		<depth>3</depth>
	</size>
	<segmented>0</segmented>
	<object>
		<name>mask</name>
		<pose>Unspecified</pose>
		<truncated>0</truncated>
		<difficult>0</difficult>
		<occluded>0</occluded>
		<bndbox>
			<xmin>174</xmin>
			<xmax>239</xmax>
			<ymin>81</ymin>
			<ymax>295</ymax>
		</bndbox>
	</object>
	<object>
		<name>mask</name>
		<pose>Unspecified</pose>
		<truncated>0</truncated>
		<difficult>0</difficult>
		<occluded>0</occluded>
		<bndbox>
			<xmin>109</xmin>
			<xmax>148</xmax>
			<ymin>232</ymin>
			<ymax>328</ymax>
		</bndbox>
	</object>
	<object>
		<name>mask</name>
		<pose>Unspecified</pose>
		<truncated>0</truncated>
		<difficult>0</difficult>
		<occluded>0</occluded>
		<bndbox>
			<xmin>52</xmin>
			<xmax>91</xmax>
			<ymin>209</ymin>
			<ymax>288</ymax>
		</bndbox>
	</object>
	<object>
		<name>mask</name>
		<pose>Unspecified</pose>
		<truncated>0</truncated>
		<difficult>0</difficult>
		<occluded>0</occluded>
		<bndbox>
			<xmin>352</xmin>
			<xmax>401</xmax>
			<ymin>128</ymin>
			<ymax>216</ymax>
		</bndbox>
	</object>
</annotation>
