<annotation>
	<folder></folder>
	<filename>4673875_jpg.rf.914b478b050b5c081ce548ab98dfbeb8.jpg</filename>
	<path>4673875_jpg.rf.914b478b050b5c081ce548ab98dfbeb8.jpg</path>
	<source>
		<database>roboflow.ai</database>
	</source>
	<size>
		<width>416</width>
		<height>416</height>
		<depth>3</depth>
	</size>
	<segmented>0</segmented>
	<object>
		<name>poor</name>
		<pose>Unspecified</pose>
		<truncated>0</truncated>
		<difficult>0</difficult>
		<occluded>0</occluded>
		<bndbox>
			<xmin>27</xmin>
			<xmax>115</xmax>
			<ymin>133</ymin>
			<ymax>279</ymax>
		</bndbox>
	</object>
	<object>
		<name>poor</name>
		<pose>Unspecified</pose>
		<truncated>0</truncated>
		<difficult>0</difficult>
		<occluded>0</occluded>
		<bndbox>
			<xmin>176</xmin>
			<xmax>231</xmax>
			<ymin>160</ymin>
			<ymax>261</ymax>
		</bndbox>
	</object>
	<object>
		<name>poor</name>
		<pose>Unspecified</pose>
		<truncated>0</truncated>
		<difficult>0</difficult>
		<occluded>0</occluded>
		<bndbox>
			<xmin>320</xmin>
			<xmax>375</xmax>
			<ymin>146</ymin>
			<ymax>246</ymax>
		</bndbox>
	</object>
</annotation>
