<annotation>
	<folder></folder>
	<filename>467_mask_jpg.rf.0f341480609080930db1766637b234a1.jpg</filename>
	<path>467_mask_jpg.rf.0f341480609080930db1766637b234a1.jpg</path>
	<source>
		<database>roboflow.ai</database>
	</source>
	<size>
		<width>416</width>
		<height>416</height>
		<depth>3</depth>
	</size>
	<segmented>0</segmented>
	<object>
		<name>mask</name>
		<pose>Unspecified</pose>
		<truncated>0</truncated>
		<difficult>0</difficult>
		<occluded>0</occluded>
		<bndbox>
			<xmin>196</xmin>
			<xmax>288</xmax>
			<ymin>47</ymin>
			<ymax>149</ymax>
		</bndbox>
	</object>
</annotation>
