<annotation>
	<folder></folder>
	<filename>470_mask_jpg.rf.82f7128298e346c121f5e0a71609fb5f.jpg</filename>
	<path>470_mask_jpg.rf.82f7128298e346c121f5e0a71609fb5f.jpg</path>
	<source>
		<database>roboflow.ai</database>
	</source>
	<size>
		<width>416</width>
		<height>416</height>
		<depth>3</depth>
	</size>
	<segmented>0</segmented>
	<object>
		<name>mask</name>
		<pose>Unspecified</pose>
		<truncated>0</truncated>
		<difficult>0</difficult>
		<occluded>0</occluded>
		<bndbox>
			<xmin>100</xmin>
			<xmax>336</xmax>
			<ymin>109</ymin>
			<ymax>289</ymax>
		</bndbox>
	</object>
</annotation>
