<annotation>
	<folder></folder>
	<filename>471_mask_jpg.rf.505993407fc9192b24ffa1ec0256e617.jpg</filename>
	<path>471_mask_jpg.rf.505993407fc9192b24ffa1ec0256e617.jpg</path>
	<source>
		<database>roboflow.ai</database>
	</source>
	<size>
		<width>416</width>
		<height>416</height>
		<depth>3</depth>
	</size>
	<segmented>0</segmented>
	<object>
		<name>mask</name>
		<pose>Unspecified</pose>
		<truncated>0</truncated>
		<difficult>0</difficult>
		<occluded>0</occluded>
		<bndbox>
			<xmin>151</xmin>
			<xmax>304</xmax>
			<ymin>26</ymin>
			<ymax>364</ymax>
		</bndbox>
	</object>
</annotation>
