<annotation>
	<folder></folder>
	<filename>473_mask_jpg.rf.e842bf9c7a6b4b1b6229c3bb1ae8c51a.jpg</filename>
	<path>473_mask_jpg.rf.e842bf9c7a6b4b1b6229c3bb1ae8c51a.jpg</path>
	<source>
		<database>roboflow.ai</database>
	</source>
	<size>
		<width>416</width>
		<height>416</height>
		<depth>3</depth>
	</size>
	<segmented>0</segmented>
	<object>
		<name>mask</name>
		<pose>Unspecified</pose>
		<truncated>0</truncated>
		<difficult>0</difficult>
		<occluded>0</occluded>
		<bndbox>
			<xmin>162</xmin>
			<xmax>322</xmax>
			<ymin>4</ymin>
			<ymax>294</ymax>
		</bndbox>
	</object>
</annotation>
