<annotation>
	<folder></folder>
	<filename>475_mask_jpg.rf.304d03240bbe83658229f345b1217adf.jpg</filename>
	<path>475_mask_jpg.rf.304d03240bbe83658229f345b1217adf.jpg</path>
	<source>
		<database>roboflow.ai</database>
	</source>
	<size>
		<width>416</width>
		<height>416</height>
		<depth>3</depth>
	</size>
	<segmented>0</segmented>
	<object>
		<name>mask</name>
		<pose>Unspecified</pose>
		<truncated>0</truncated>
		<difficult>0</difficult>
		<occluded>0</occluded>
		<bndbox>
			<xmin>218</xmin>
			<xmax>299</xmax>
			<ymin>4</ymin>
			<ymax>261</ymax>
		</bndbox>
	</object>
</annotation>
