<annotation>
	<folder></folder>
	<filename>476_mask_jpg.rf.42e54b44374b6dd9567b58579d6be8f9.jpg</filename>
	<path>476_mask_jpg.rf.42e54b44374b6dd9567b58579d6be8f9.jpg</path>
	<source>
		<database>roboflow.ai</database>
	</source>
	<size>
		<width>416</width>
		<height>416</height>
		<depth>3</depth>
	</size>
	<segmented>0</segmented>
	<object>
		<name>mask</name>
		<pose>Unspecified</pose>
		<truncated>0</truncated>
		<difficult>0</difficult>
		<occluded>0</occluded>
		<bndbox>
			<xmin>68</xmin>
			<xmax>318</xmax>
			<ymin>74</ymin>
			<ymax>412</ymax>
		</bndbox>
	</object>
</annotation>
