<annotation>
	<folder></folder>
	<filename>479_mask_jpg.rf.e461967fa5882ef0918602712c31ae5f.jpg</filename>
	<path>479_mask_jpg.rf.e461967fa5882ef0918602712c31ae5f.jpg</path>
	<source>
		<database>roboflow.ai</database>
	</source>
	<size>
		<width>416</width>
		<height>416</height>
		<depth>3</depth>
	</size>
	<segmented>0</segmented>
	<object>
		<name>mask</name>
		<pose>Unspecified</pose>
		<truncated>0</truncated>
		<difficult>0</difficult>
		<occluded>0</occluded>
		<bndbox>
			<xmin>142</xmin>
			<xmax>168</xmax>
			<ymin>20</ymin>
			<ymax>85</ymax>
		</bndbox>
	</object>
	<object>
		<name>mask</name>
		<pose>Unspecified</pose>
		<truncated>0</truncated>
		<difficult>0</difficult>
		<occluded>0</occluded>
		<bndbox>
			<xmin>223</xmin>
			<xmax>255</xmax>
			<ymin>81</ymin>
			<ymax>152</ymax>
		</bndbox>
	</object>
	<object>
		<name>none</name>
		<pose>Unspecified</pose>
		<truncated>0</truncated>
		<difficult>0</difficult>
		<occluded>0</occluded>
		<bndbox>
			<xmin>176</xmin>
			<xmax>192</xmax>
			<ymin>63</ymin>
			<ymax>95</ymax>
		</bndbox>
	</object>
	<object>
		<name>mask</name>
		<pose>Unspecified</pose>
		<truncated>0</truncated>
		<difficult>0</difficult>
		<occluded>0</occluded>
		<bndbox>
			<xmin>154</xmin>
			<xmax>185</xmax>
			<ymin>236</ymin>
			<ymax>307</ymax>
		</bndbox>
	</object>
</annotation>
