<annotation>
	<folder></folder>
	<filename>480_mask_jpg.rf.28f10baa995d31c4b6053e5a2b96bdcd.jpg</filename>
	<path>480_mask_jpg.rf.28f10baa995d31c4b6053e5a2b96bdcd.jpg</path>
	<source>
		<database>roboflow.ai</database>
	</source>
	<size>
		<width>416</width>
		<height>416</height>
		<depth>3</depth>
	</size>
	<segmented>0</segmented>
	<object>
		<name>mask</name>
		<pose>Unspecified</pose>
		<truncated>0</truncated>
		<difficult>0</difficult>
		<occluded>0</occluded>
		<bndbox>
			<xmin>160</xmin>
			<xmax>254</xmax>
			<ymin>151</ymin>
			<ymax>376</ymax>
		</bndbox>
	</object>
</annotation>
