<annotation>
	<folder></folder>
	<filename>481_mask_jpg.rf.80c0fc5c4ff9191a585b76e96f7a5c94.jpg</filename>
	<path>481_mask_jpg.rf.80c0fc5c4ff9191a585b76e96f7a5c94.jpg</path>
	<source>
		<database>roboflow.ai</database>
	</source>
	<size>
		<width>416</width>
		<height>416</height>
		<depth>3</depth>
	</size>
	<segmented>0</segmented>
	<object>
		<name>mask</name>
		<pose>Unspecified</pose>
		<truncated>0</truncated>
		<difficult>0</difficult>
		<occluded>0</occluded>
		<bndbox>
			<xmin>153</xmin>
			<xmax>273</xmax>
			<ymin>97</ymin>
			<ymax>307</ymax>
		</bndbox>
	</object>
</annotation>
