<annotation>
	<folder></folder>
	<filename>483_mask_jpg.rf.cda00f1d45a111850b2fc78d159268d6.jpg</filename>
	<path>483_mask_jpg.rf.cda00f1d45a111850b2fc78d159268d6.jpg</path>
	<source>
		<database>roboflow.ai</database>
	</source>
	<size>
		<width>416</width>
		<height>416</height>
		<depth>3</depth>
	</size>
	<segmented>0</segmented>
	<object>
		<name>mask</name>
		<pose>Unspecified</pose>
		<truncated>0</truncated>
		<difficult>0</difficult>
		<occluded>0</occluded>
		<bndbox>
			<xmin>15</xmin>
			<xmax>346</xmax>
			<ymin>101</ymin>
			<ymax>371</ymax>
		</bndbox>
	</object>
</annotation>
