<annotation>
	<folder></folder>
	<filename>484_mask_jpg.rf.11ee8d82c92d097d1a38bd59e1c7d051.jpg</filename>
	<path>484_mask_jpg.rf.11ee8d82c92d097d1a38bd59e1c7d051.jpg</path>
	<source>
		<database>roboflow.ai</database>
	</source>
	<size>
		<width>416</width>
		<height>416</height>
		<depth>3</depth>
	</size>
	<segmented>0</segmented>
	<object>
		<name>mask</name>
		<pose>Unspecified</pose>
		<truncated>0</truncated>
		<difficult>0</difficult>
		<occluded>0</occluded>
		<bndbox>
			<xmin>181</xmin>
			<xmax>254</xmax>
			<ymin>102</ymin>
			<ymax>262</ymax>
		</bndbox>
	</object>
</annotation>
