<annotation>
	<folder></folder>
	<filename>485_mask_jpg.rf.dfd9808b0eac35a0265230bec4b1f14e.jpg</filename>
	<path>485_mask_jpg.rf.dfd9808b0eac35a0265230bec4b1f14e.jpg</path>
	<source>
		<database>roboflow.ai</database>
	</source>
	<size>
		<width>416</width>
		<height>416</height>
		<depth>3</depth>
	</size>
	<segmented>0</segmented>
	<object>
		<name>mask</name>
		<pose>Unspecified</pose>
		<truncated>0</truncated>
		<difficult>0</difficult>
		<occluded>0</occluded>
		<bndbox>
			<xmin>15</xmin>
			<xmax>390</xmax>
			<ymin>1</ymin>
			<ymax>416</ymax>
		</bndbox>
	</object>
</annotation>
