<annotation>
	<folder></folder>
	<filename>487_mask_jpg.rf.1b27072839d89595d0932e474d3da4ee.jpg</filename>
	<path>487_mask_jpg.rf.1b27072839d89595d0932e474d3da4ee.jpg</path>
	<source>
		<database>roboflow.ai</database>
	</source>
	<size>
		<width>416</width>
		<height>416</height>
		<depth>3</depth>
	</size>
	<segmented>0</segmented>
	<object>
		<name>mask</name>
		<pose>Unspecified</pose>
		<truncated>0</truncated>
		<difficult>0</difficult>
		<occluded>0</occluded>
		<bndbox>
			<xmin>9</xmin>
			<xmax>358</xmax>
			<ymin>10</ymin>
			<ymax>369</ymax>
		</bndbox>
	</object>
</annotation>
