<annotation>
	<folder></folder>
	<filename>490_mask_jpg.rf.07af36c28d0e1acb6852b744eb6b62e7.jpg</filename>
	<path>490_mask_jpg.rf.07af36c28d0e1acb6852b744eb6b62e7.jpg</path>
	<source>
		<database>roboflow.ai</database>
	</source>
	<size>
		<width>416</width>
		<height>416</height>
		<depth>3</depth>
	</size>
	<segmented>0</segmented>
	<object>
		<name>none</name>
		<pose>Unspecified</pose>
		<truncated>0</truncated>
		<difficult>0</difficult>
		<occluded>0</occluded>
		<bndbox>
			<xmin>284</xmin>
			<xmax>337</xmax>
			<ymin>78</ymin>
			<ymax>172</ymax>
		</bndbox>
	</object>
	<object>
		<name>mask</name>
		<pose>Unspecified</pose>
		<truncated>0</truncated>
		<difficult>0</difficult>
		<occluded>0</occluded>
		<bndbox>
			<xmin>77</xmin>
			<xmax>131</xmax>
			<ymin>42</ymin>
			<ymax>163</ymax>
		</bndbox>
	</object>
	<object>
		<name>mask</name>
		<pose>Unspecified</pose>
		<truncated>0</truncated>
		<difficult>0</difficult>
		<occluded>0</occluded>
		<bndbox>
			<xmin>256</xmin>
			<xmax>295</xmax>
			<ymin>125</ymin>
			<ymax>191</ymax>
		</bndbox>
	</object>
</annotation>
