<annotation>
	<folder></folder>
	<filename>511_mask_jpg.rf.e8397b194740d3efb0240fae1833c3e3.jpg</filename>
	<path>511_mask_jpg.rf.e8397b194740d3efb0240fae1833c3e3.jpg</path>
	<source>
		<database>roboflow.ai</database>
	</source>
	<size>
		<width>416</width>
		<height>416</height>
		<depth>3</depth>
	</size>
	<segmented>0</segmented>
	<object>
		<name>mask</name>
		<pose>Unspecified</pose>
		<truncated>0</truncated>
		<difficult>0</difficult>
		<occluded>0</occluded>
		<bndbox>
			<xmin>50</xmin>
			<xmax>149</xmax>
			<ymin>135</ymin>
			<ymax>276</ymax>
		</bndbox>
	</object>
</annotation>
