<annotation>
	<folder></folder>
	<filename>513_mask_jpg.rf.58514c1f6bf0be76d0502d7d9a155c3c.jpg</filename>
	<path>513_mask_jpg.rf.58514c1f6bf0be76d0502d7d9a155c3c.jpg</path>
	<source>
		<database>roboflow.ai</database>
	</source>
	<size>
		<width>416</width>
		<height>416</height>
		<depth>3</depth>
	</size>
	<segmented>0</segmented>
	<object>
		<name>mask</name>
		<pose>Unspecified</pose>
		<truncated>0</truncated>
		<difficult>0</difficult>
		<occluded>0</occluded>
		<bndbox>
			<xmin>31</xmin>
			<xmax>378</xmax>
			<ymin>4</ymin>
			<ymax>416</ymax>
		</bndbox>
	</object>
</annotation>
