<annotation>
	<folder></folder>
	<filename>514_mask_jpg.rf.cfe5829a2944cf90cf8ac8d6578d326a.jpg</filename>
	<path>514_mask_jpg.rf.cfe5829a2944cf90cf8ac8d6578d326a.jpg</path>
	<source>
		<database>roboflow.ai</database>
	</source>
	<size>
		<width>416</width>
		<height>416</height>
		<depth>3</depth>
	</size>
	<segmented>0</segmented>
	<object>
		<name>mask</name>
		<pose>Unspecified</pose>
		<truncated>0</truncated>
		<difficult>0</difficult>
		<occluded>0</occluded>
		<bndbox>
			<xmin>67</xmin>
			<xmax>112</xmax>
			<ymin>121</ymin>
			<ymax>206</ymax>
		</bndbox>
	</object>
	<object>
		<name>mask</name>
		<pose>Unspecified</pose>
		<truncated>0</truncated>
		<difficult>0</difficult>
		<occluded>0</occluded>
		<bndbox>
			<xmin>211</xmin>
			<xmax>245</xmax>
			<ymin>107</ymin>
			<ymax>169</ymax>
		</bndbox>
	</object>
	<object>
		<name>mask</name>
		<pose>Unspecified</pose>
		<truncated>0</truncated>
		<difficult>0</difficult>
		<occluded>0</occluded>
		<bndbox>
			<xmin>266</xmin>
			<xmax>314</xmax>
			<ymin>106</ymin>
			<ymax>192</ymax>
		</bndbox>
	</object>
</annotation>
