<annotation>
	<folder></folder>
	<filename>515_mask_jpg.rf.97afb340b3a279ccb91bf051e852f333.jpg</filename>
	<path>515_mask_jpg.rf.97afb340b3a279ccb91bf051e852f333.jpg</path>
	<source>
		<database>roboflow.ai</database>
	</source>
	<size>
		<width>416</width>
		<height>416</height>
		<depth>3</depth>
	</size>
	<segmented>0</segmented>
	<object>
		<name>mask</name>
		<pose>Unspecified</pose>
		<truncated>0</truncated>
		<difficult>0</difficult>
		<occluded>0</occluded>
		<bndbox>
			<xmin>120</xmin>
			<xmax>238</xmax>
			<ymin>89</ymin>
			<ymax>341</ymax>
		</bndbox>
	</object>
</annotation>
