<annotation>
	<folder></folder>
	<filename>517_mask_jpg.rf.c18d2737620b1978747f559bb8981da9.jpg</filename>
	<path>517_mask_jpg.rf.c18d2737620b1978747f559bb8981da9.jpg</path>
	<source>
		<database>roboflow.ai</database>
	</source>
	<size>
		<width>416</width>
		<height>416</height>
		<depth>3</depth>
	</size>
	<segmented>0</segmented>
	<object>
		<name>mask</name>
		<pose>Unspecified</pose>
		<truncated>0</truncated>
		<difficult>0</difficult>
		<occluded>0</occluded>
		<bndbox>
			<xmin>243</xmin>
			<xmax>321</xmax>
			<ymin>34</ymin>
			<ymax>197</ymax>
		</bndbox>
	</object>
</annotation>
