<annotation>
	<folder></folder>
	<filename>518_mask_jpg.rf.21516ec0ee8e0767746ea7a8563547c8.jpg</filename>
	<path>518_mask_jpg.rf.21516ec0ee8e0767746ea7a8563547c8.jpg</path>
	<source>
		<database>roboflow.ai</database>
	</source>
	<size>
		<width>416</width>
		<height>416</height>
		<depth>3</depth>
	</size>
	<segmented>0</segmented>
	<object>
		<name>mask</name>
		<pose>Unspecified</pose>
		<truncated>0</truncated>
		<difficult>0</difficult>
		<occluded>0</occluded>
		<bndbox>
			<xmin>226</xmin>
			<xmax>352</xmax>
			<ymin>53</ymin>
			<ymax>310</ymax>
		</bndbox>
	</object>
	<object>
		<name>none</name>
		<pose>Unspecified</pose>
		<truncated>0</truncated>
		<difficult>0</difficult>
		<occluded>0</occluded>
		<bndbox>
			<xmin>91</xmin>
			<xmax>152</xmax>
			<ymin>94</ymin>
			<ymax>218</ymax>
		</bndbox>
	</object>
</annotation>
