<annotation>
	<folder></folder>
	<filename>520_mask_jpg.rf.809878ea412fe3de05a372495d8c8e6d.jpg</filename>
	<path>520_mask_jpg.rf.809878ea412fe3de05a372495d8c8e6d.jpg</path>
	<source>
		<database>roboflow.ai</database>
	</source>
	<size>
		<width>416</width>
		<height>416</height>
		<depth>3</depth>
	</size>
	<segmented>0</segmented>
	<object>
		<name>mask</name>
		<pose>Unspecified</pose>
		<truncated>0</truncated>
		<difficult>0</difficult>
		<occluded>0</occluded>
		<bndbox>
			<xmin>160</xmin>
			<xmax>371</xmax>
			<ymin>79</ymin>
			<ymax>399</ymax>
		</bndbox>
	</object>
</annotation>
