<annotation>
	<folder></folder>
	<filename>520ba294-d9d3-11e9-80eb-3aa57b6d2433_image_hires_212554_jpg.rf.ddf4c631deb74d834c9b2892a8e108d3.jpg</filename>
	<path>520ba294-d9d3-11e9-80eb-3aa57b6d2433_image_hires_212554_jpg.rf.ddf4c631deb74d834c9b2892a8e108d3.jpg</path>
	<source>
		<database>roboflow.ai</database>
	</source>
	<size>
		<width>416</width>
		<height>416</height>
		<depth>3</depth>
	</size>
	<segmented>0</segmented>
	<object>
		<name>mask</name>
		<pose>Unspecified</pose>
		<truncated>0</truncated>
		<difficult>0</difficult>
		<occluded>0</occluded>
		<bndbox>
			<xmin>236</xmin>
			<xmax>276</xmax>
			<ymin>109</ymin>
			<ymax>173</ymax>
		</bndbox>
	</object>
</annotation>
