<annotation>
	<folder></folder>
	<filename>521_mask_jpg.rf.f043aaa217a2c94d4e8c436f31761892.jpg</filename>
	<path>521_mask_jpg.rf.f043aaa217a2c94d4e8c436f31761892.jpg</path>
	<source>
		<database>roboflow.ai</database>
	</source>
	<size>
		<width>416</width>
		<height>416</height>
		<depth>3</depth>
	</size>
	<segmented>0</segmented>
	<object>
		<name>mask</name>
		<pose>Unspecified</pose>
		<truncated>0</truncated>
		<difficult>0</difficult>
		<occluded>0</occluded>
		<bndbox>
			<xmin>174</xmin>
			<xmax>317</xmax>
			<ymin>37</ymin>
			<ymax>271</ymax>
		</bndbox>
	</object>
</annotation>
