<annotation>
	<folder></folder>
	<filename>522_mask_jpg.rf.27a0a18d2dc0f5ad2c0e6d348fe904e4.jpg</filename>
	<path>522_mask_jpg.rf.27a0a18d2dc0f5ad2c0e6d348fe904e4.jpg</path>
	<source>
		<database>roboflow.ai</database>
	</source>
	<size>
		<width>416</width>
		<height>416</height>
		<depth>3</depth>
	</size>
	<segmented>0</segmented>
	<object>
		<name>mask</name>
		<pose>Unspecified</pose>
		<truncated>0</truncated>
		<difficult>0</difficult>
		<occluded>0</occluded>
		<bndbox>
			<xmin>1</xmin>
			<xmax>296</xmax>
			<ymin>27</ymin>
			<ymax>296</ymax>
		</bndbox>
	</object>
</annotation>
