<annotation>
	<folder></folder>
	<filename>523_mask_jpg.rf.f59d715726596fbec5b581c00d22b640.jpg</filename>
	<path>523_mask_jpg.rf.f59d715726596fbec5b581c00d22b640.jpg</path>
	<source>
		<database>roboflow.ai</database>
	</source>
	<size>
		<width>416</width>
		<height>416</height>
		<depth>3</depth>
	</size>
	<segmented>0</segmented>
	<object>
		<name>mask</name>
		<pose>Unspecified</pose>
		<truncated>0</truncated>
		<difficult>0</difficult>
		<occluded>0</occluded>
		<bndbox>
			<xmin>250</xmin>
			<xmax>310</xmax>
			<ymin>122</ymin>
			<ymax>248</ymax>
		</bndbox>
	</object>
	<object>
		<name>mask</name>
		<pose>Unspecified</pose>
		<truncated>0</truncated>
		<difficult>0</difficult>
		<occluded>0</occluded>
		<bndbox>
			<xmin>130</xmin>
			<xmax>174</xmax>
			<ymin>124</ymin>
			<ymax>229</ymax>
		</bndbox>
	</object>
</annotation>
