<annotation>
	<folder></folder>
	<filename>524_mask_jpg.rf.865c0f1c8b2c55c2dd14ed02b039888d.jpg</filename>
	<path>524_mask_jpg.rf.865c0f1c8b2c55c2dd14ed02b039888d.jpg</path>
	<source>
		<database>roboflow.ai</database>
	</source>
	<size>
		<width>416</width>
		<height>416</height>
		<depth>3</depth>
	</size>
	<segmented>0</segmented>
	<object>
		<name>mask</name>
		<pose>Unspecified</pose>
		<truncated>0</truncated>
		<difficult>0</difficult>
		<occluded>0</occluded>
		<bndbox>
			<xmin>198</xmin>
			<xmax>305</xmax>
			<ymin>79</ymin>
			<ymax>295</ymax>
		</bndbox>
	</object>
</annotation>
