<annotation>
	<folder></folder>
	<filename>525_mask_jpg.rf.4c2057b3d55fb94b1728266f01596f0b.jpg</filename>
	<path>525_mask_jpg.rf.4c2057b3d55fb94b1728266f01596f0b.jpg</path>
	<source>
		<database>roboflow.ai</database>
	</source>
	<size>
		<width>416</width>
		<height>416</height>
		<depth>3</depth>
	</size>
	<segmented>0</segmented>
	<object>
		<name>mask</name>
		<pose>Unspecified</pose>
		<truncated>0</truncated>
		<difficult>0</difficult>
		<occluded>0</occluded>
		<bndbox>
			<xmin>139</xmin>
			<xmax>269</xmax>
			<ymin>70</ymin>
			<ymax>243</ymax>
		</bndbox>
	</object>
</annotation>
