<annotation>
	<folder></folder>
	<filename>526_mask_jpg.rf.f986de05d338ef66f1cdef1c99422125.jpg</filename>
	<path>526_mask_jpg.rf.f986de05d338ef66f1cdef1c99422125.jpg</path>
	<source>
		<database>roboflow.ai</database>
	</source>
	<size>
		<width>416</width>
		<height>416</height>
		<depth>3</depth>
	</size>
	<segmented>0</segmented>
	<object>
		<name>mask</name>
		<pose>Unspecified</pose>
		<truncated>0</truncated>
		<difficult>0</difficult>
		<occluded>0</occluded>
		<bndbox>
			<xmin>74</xmin>
			<xmax>276</xmax>
			<ymin>1</ymin>
			<ymax>302</ymax>
		</bndbox>
	</object>
</annotation>
