<annotation>
	<folder></folder>
	<filename>527_mask_jpg.rf.6b86ccf54190eea6ff455765ac740454.jpg</filename>
	<path>527_mask_jpg.rf.6b86ccf54190eea6ff455765ac740454.jpg</path>
	<source>
		<database>roboflow.ai</database>
	</source>
	<size>
		<width>416</width>
		<height>416</height>
		<depth>3</depth>
	</size>
	<segmented>0</segmented>
	<object>
		<name>mask</name>
		<pose>Unspecified</pose>
		<truncated>0</truncated>
		<difficult>0</difficult>
		<occluded>0</occluded>
		<bndbox>
			<xmin>227</xmin>
			<xmax>347</xmax>
			<ymin>81</ymin>
			<ymax>297</ymax>
		</bndbox>
	</object>
</annotation>
