<annotation>
	<folder></folder>
	<filename>529_mask_jpg.rf.9b867db365f03bfe18232d502fb62928.jpg</filename>
	<path>529_mask_jpg.rf.9b867db365f03bfe18232d502fb62928.jpg</path>
	<source>
		<database>roboflow.ai</database>
	</source>
	<size>
		<width>416</width>
		<height>416</height>
		<depth>3</depth>
	</size>
	<segmented>0</segmented>
	<object>
		<name>mask</name>
		<pose>Unspecified</pose>
		<truncated>0</truncated>
		<difficult>0</difficult>
		<occluded>0</occluded>
		<bndbox>
			<xmin>141</xmin>
			<xmax>416</xmax>
			<ymin>34</ymin>
			<ymax>287</ymax>
		</bndbox>
	</object>
</annotation>
