<annotation>
	<folder></folder>
	<filename>592FAD29E2-SP-6831851_jpg.rf.dd1021d0a502b407f5b2be21577b276d.jpg</filename>
	<path>592FAD29E2-SP-6831851_jpg.rf.dd1021d0a502b407f5b2be21577b276d.jpg</path>
	<source>
		<database>roboflow.ai</database>
	</source>
	<size>
		<width>416</width>
		<height>416</height>
		<depth>3</depth>
	</size>
	<segmented>0</segmented>
	<object>
		<name>mask</name>
		<pose>Unspecified</pose>
		<truncated>0</truncated>
		<difficult>0</difficult>
		<occluded>0</occluded>
		<bndbox>
			<xmin>212</xmin>
			<xmax>364</xmax>
			<ymin>127</ymin>
			<ymax>277</ymax>
		</bndbox>
	</object>
</annotation>
