<annotation>
	<folder></folder>
	<filename>600_3050748_8_1_jpg.rf.a92ac827e2bf4daacc13664053fa7e5c.jpg</filename>
	<path>600_3050748_8_1_jpg.rf.a92ac827e2bf4daacc13664053fa7e5c.jpg</path>
	<source>
		<database>roboflow.ai</database>
	</source>
	<size>
		<width>416</width>
		<height>416</height>
		<depth>3</depth>
	</size>
	<segmented>0</segmented>
	<object>
		<name>mask</name>
		<pose>Unspecified</pose>
		<truncated>0</truncated>
		<difficult>0</difficult>
		<occluded>0</occluded>
		<bndbox>
			<xmin>192</xmin>
			<xmax>223</xmax>
			<ymin>110</ymin>
			<ymax>153</ymax>
		</bndbox>
	</object>
	<object>
		<name>none</name>
		<pose>Unspecified</pose>
		<truncated>0</truncated>
		<difficult>0</difficult>
		<occluded>0</occluded>
		<bndbox>
			<xmin>266</xmin>
			<xmax>283</xmax>
			<ymin>91</ymin>
			<ymax>118</ymax>
		</bndbox>
	</object>
</annotation>
