<annotation>
	<folder></folder>
	<filename>616n0004s30pn0046716_jpg.rf.0981d4c5fe35adb95bbd438bc66ca61a.jpg</filename>
	<path>616n0004s30pn0046716_jpg.rf.0981d4c5fe35adb95bbd438bc66ca61a.jpg</path>
	<source>
		<database>roboflow.ai</database>
	</source>
	<size>
		<width>416</width>
		<height>416</height>
		<depth>3</depth>
	</size>
	<segmented>0</segmented>
	<object>
		<name>mask</name>
		<pose>Unspecified</pose>
		<truncated>0</truncated>
		<difficult>0</difficult>
		<occluded>0</occluded>
		<bndbox>
			<xmin>83</xmin>
			<xmax>161</xmax>
			<ymin>70</ymin>
			<ymax>122</ymax>
		</bndbox>
	</object>
	<object>
		<name>poor</name>
		<pose>Unspecified</pose>
		<truncated>0</truncated>
		<difficult>0</difficult>
		<occluded>0</occluded>
		<bndbox>
			<xmin>258</xmin>
			<xmax>334</xmax>
			<ymin>80</ymin>
			<ymax>140</ymax>
		</bndbox>
	</object>
</annotation>
