<annotation>
	<folder></folder>
	<filename>616q000338qs8qorosp4_jpg.rf.0752f140274887e991086914ee9b4a3b.jpg</filename>
	<path>616q000338qs8qorosp4_jpg.rf.0752f140274887e991086914ee9b4a3b.jpg</path>
	<source>
		<database>roboflow.ai</database>
	</source>
	<size>
		<width>416</width>
		<height>416</height>
		<depth>3</depth>
	</size>
	<segmented>0</segmented>
	<object>
		<name>poor</name>
		<pose>Unspecified</pose>
		<truncated>0</truncated>
		<difficult>0</difficult>
		<occluded>0</occluded>
		<bndbox>
			<xmin>232</xmin>
			<xmax>274</xmax>
			<ymin>49</ymin>
			<ymax>83</ymax>
		</bndbox>
	</object>
	<object>
		<name>mask</name>
		<pose>Unspecified</pose>
		<truncated>0</truncated>
		<difficult>0</difficult>
		<occluded>0</occluded>
		<bndbox>
			<xmin>134</xmin>
			<xmax>184</xmax>
			<ymin>40</ymin>
			<ymax>75</ymax>
		</bndbox>
	</object>
</annotation>
