<annotation>
	<folder></folder>
	<filename>7399e9d37dcd470282ebd4b86f52d342_jpg.rf.5416ebdb39789a58699a465792725b10.jpg</filename>
	<path>7399e9d37dcd470282ebd4b86f52d342_jpg.rf.5416ebdb39789a58699a465792725b10.jpg</path>
	<source>
		<database>roboflow.ai</database>
	</source>
	<size>
		<width>416</width>
		<height>416</height>
		<depth>3</depth>
	</size>
	<segmented>0</segmented>
	<object>
		<name>mask</name>
		<pose>Unspecified</pose>
		<truncated>0</truncated>
		<difficult>0</difficult>
		<occluded>0</occluded>
		<bndbox>
			<xmin>195</xmin>
			<xmax>219</xmax>
			<ymin>78</ymin>
			<ymax>118</ymax>
		</bndbox>
	</object>
	<object>
		<name>mask</name>
		<pose>Unspecified</pose>
		<truncated>0</truncated>
		<difficult>0</difficult>
		<occluded>0</occluded>
		<bndbox>
			<xmin>43</xmin>
			<xmax>66</xmax>
			<ymin>84</ymin>
			<ymax>121</ymax>
		</bndbox>
	</object>
</annotation>
