<annotation>
	<folder></folder>
	<filename>762858-travel-insurers-may-not-pay-out-for-passengers-caught-by-coronavirus_jpg.rf.8e8c93405c75d9d4c2a42946244a5c87.jpg</filename>
	<path>762858-travel-insurers-may-not-pay-out-for-passengers-caught-by-coronavirus_jpg.rf.8e8c93405c75d9d4c2a42946244a5c87.jpg</path>
	<source>
		<database>roboflow.ai</database>
	</source>
	<size>
		<width>416</width>
		<height>416</height>
		<depth>3</depth>
	</size>
	<segmented>0</segmented>
	<object>
		<name>mask</name>
		<pose>Unspecified</pose>
		<truncated>0</truncated>
		<difficult>0</difficult>
		<occluded>0</occluded>
		<bndbox>
			<xmin>328</xmin>
			<xmax>350</xmax>
			<ymin>109</ymin>
			<ymax>161</ymax>
		</bndbox>
	</object>
	<object>
		<name>mask</name>
		<pose>Unspecified</pose>
		<truncated>0</truncated>
		<difficult>0</difficult>
		<occluded>0</occluded>
		<bndbox>
			<xmin>220</xmin>
			<xmax>250</xmax>
			<ymin>96</ymin>
			<ymax>148</ymax>
		</bndbox>
	</object>
	<object>
		<name>none</name>
		<pose>Unspecified</pose>
		<truncated>0</truncated>
		<difficult>0</difficult>
		<occluded>0</occluded>
		<bndbox>
			<xmin>141</xmin>
			<xmax>165</xmax>
			<ymin>109</ymin>
			<ymax>158</ymax>
		</bndbox>
	</object>
	<object>
		<name>none</name>
		<pose>Unspecified</pose>
		<truncated>0</truncated>
		<difficult>0</difficult>
		<occluded>0</occluded>
		<bndbox>
			<xmin>52</xmin>
			<xmax>69</xmax>
			<ymin>150</ymin>
			<ymax>181</ymax>
		</bndbox>
	</object>
	<object>
		<name>none</name>
		<pose>Unspecified</pose>
		<truncated>0</truncated>
		<difficult>0</difficult>
		<occluded>0</occluded>
		<bndbox>
			<xmin>100</xmin>
			<xmax>112</xmax>
			<ymin>101</ymin>
			<ymax>130</ymax>
		</bndbox>
	</object>
	<object>
		<name>none</name>
		<pose>Unspecified</pose>
		<truncated>0</truncated>
		<difficult>0</difficult>
		<occluded>0</occluded>
		<bndbox>
			<xmin>33</xmin>
			<xmax>49</xmax>
			<ymin>112</ymin>
			<ymax>141</ymax>
		</bndbox>
	</object>
	<object>
		<name>none</name>
		<pose>Unspecified</pose>
		<truncated>0</truncated>
		<difficult>0</difficult>
		<occluded>0</occluded>
		<bndbox>
			<xmin>179</xmin>
			<xmax>192</xmax>
			<ymin>142</ymin>
			<ymax>164</ymax>
		</bndbox>
	</object>
</annotation>
