<annotation>
	<folder></folder>
	<filename>765007-china-battles-coronavirus-outbreak-all-the-latest-updates_jpg.rf.28af1cee766c88c3bda40d425ccabcaa.jpg</filename>
	<path>765007-china-battles-coronavirus-outbreak-all-the-latest-updates_jpg.rf.28af1cee766c88c3bda40d425ccabcaa.jpg</path>
	<source>
		<database>roboflow.ai</database>
	</source>
	<size>
		<width>416</width>
		<height>416</height>
		<depth>3</depth>
	</size>
	<segmented>0</segmented>
	<object>
		<name>mask</name>
		<pose>Unspecified</pose>
		<truncated>0</truncated>
		<difficult>0</difficult>
		<occluded>0</occluded>
		<bndbox>
			<xmin>29</xmin>
			<xmax>55</xmax>
			<ymin>372</ymin>
			<ymax>400</ymax>
		</bndbox>
	</object>
	<object>
		<name>mask</name>
		<pose>Unspecified</pose>
		<truncated>0</truncated>
		<difficult>0</difficult>
		<occluded>0</occluded>
		<bndbox>
			<xmin>149</xmin>
			<xmax>182</xmax>
			<ymin>172</ymin>
			<ymax>234</ymax>
		</bndbox>
	</object>
	<object>
		<name>mask</name>
		<pose>Unspecified</pose>
		<truncated>0</truncated>
		<difficult>0</difficult>
		<occluded>0</occluded>
		<bndbox>
			<xmin>206</xmin>
			<xmax>239</xmax>
			<ymin>180</ymin>
			<ymax>232</ymax>
		</bndbox>
	</object>
</annotation>
