<annotation>
	<folder></folder>
	<filename>772917ab9c7cd5d6b918f00f0d62fcda1514802182_jpg.rf.dd75d14a32931bc29351591ebd888013.jpg</filename>
	<path>772917ab9c7cd5d6b918f00f0d62fcda1514802182_jpg.rf.dd75d14a32931bc29351591ebd888013.jpg</path>
	<source>
		<database>roboflow.ai</database>
	</source>
	<size>
		<width>416</width>
		<height>416</height>
		<depth>3</depth>
	</size>
	<segmented>0</segmented>
	<object>
		<name>mask</name>
		<pose>Unspecified</pose>
		<truncated>0</truncated>
		<difficult>0</difficult>
		<occluded>0</occluded>
		<bndbox>
			<xmin>181</xmin>
			<xmax>269</xmax>
			<ymin>48</ymin>
			<ymax>113</ymax>
		</bndbox>
	</object>
	<object>
		<name>mask</name>
		<pose>Unspecified</pose>
		<truncated>0</truncated>
		<difficult>0</difficult>
		<occluded>0</occluded>
		<bndbox>
			<xmin>11</xmin>
			<xmax>49</xmax>
			<ymin>126</ymin>
			<ymax>153</ymax>
		</bndbox>
	</object>
</annotation>
