<annotation>
	<folder></folder>
	<filename>783be4c62f564a17ab5c260b0488296e_jpg.rf.d9cd773af120e75e0f88b707264c0391.jpg</filename>
	<path>783be4c62f564a17ab5c260b0488296e_jpg.rf.d9cd773af120e75e0f88b707264c0391.jpg</path>
	<source>
		<database>roboflow.ai</database>
	</source>
	<size>
		<width>416</width>
		<height>416</height>
		<depth>3</depth>
	</size>
	<segmented>0</segmented>
	<object>
		<name>mask</name>
		<pose>Unspecified</pose>
		<truncated>0</truncated>
		<difficult>0</difficult>
		<occluded>0</occluded>
		<bndbox>
			<xmin>126</xmin>
			<xmax>198</xmax>
			<ymin>175</ymin>
			<ymax>230</ymax>
		</bndbox>
	</object>
	<object>
		<name>none</name>
		<pose>Unspecified</pose>
		<truncated>0</truncated>
		<difficult>0</difficult>
		<occluded>0</occluded>
		<bndbox>
			<xmin>1</xmin>
			<xmax>37</xmax>
			<ymin>176</ymin>
			<ymax>238</ymax>
		</bndbox>
	</object>
</annotation>
