<annotation>
	<folder></folder>
	<filename>83585356_10163410411900019_8587067048494891008_o_IJAgD_1200x0_jpg.rf.d6ef50cc9dd70b6ef26760fa4f721198.jpg</filename>
	<path>83585356_10163410411900019_8587067048494891008_o_IJAgD_1200x0_jpg.rf.d6ef50cc9dd70b6ef26760fa4f721198.jpg</path>
	<source>
		<database>roboflow.ai</database>
	</source>
	<size>
		<width>416</width>
		<height>416</height>
		<depth>3</depth>
	</size>
	<segmented>0</segmented>
	<object>
		<name>mask</name>
		<pose>Unspecified</pose>
		<truncated>0</truncated>
		<difficult>0</difficult>
		<occluded>0</occluded>
		<bndbox>
			<xmin>18</xmin>
			<xmax>70</xmax>
			<ymin>244</ymin>
			<ymax>323</ymax>
		</bndbox>
	</object>
	<object>
		<name>mask</name>
		<pose>Unspecified</pose>
		<truncated>0</truncated>
		<difficult>0</difficult>
		<occluded>0</occluded>
		<bndbox>
			<xmin>107</xmin>
			<xmax>166</xmax>
			<ymin>188</ymin>
			<ymax>286</ymax>
		</bndbox>
	</object>
	<object>
		<name>mask</name>
		<pose>Unspecified</pose>
		<truncated>0</truncated>
		<difficult>0</difficult>
		<occluded>0</occluded>
		<bndbox>
			<xmin>215</xmin>
			<xmax>278</xmax>
			<ymin>183</ymin>
			<ymax>289</ymax>
		</bndbox>
	</object>
</annotation>
