<annotation>
	<folder></folder>
	<filename>843b3ea7c0eb9b80617cdac8d95afc0e_jpg.rf.1c86e58e1c1649e2a31e8d4294b86222.jpg</filename>
	<path>843b3ea7c0eb9b80617cdac8d95afc0e_jpg.rf.1c86e58e1c1649e2a31e8d4294b86222.jpg</path>
	<source>
		<database>roboflow.ai</database>
	</source>
	<size>
		<width>416</width>
		<height>416</height>
		<depth>3</depth>
	</size>
	<segmented>0</segmented>
	<object>
		<name>mask</name>
		<pose>Unspecified</pose>
		<truncated>0</truncated>
		<difficult>0</difficult>
		<occluded>0</occluded>
		<bndbox>
			<xmin>86</xmin>
			<xmax>347</xmax>
			<ymin>49</ymin>
			<ymax>248</ymax>
		</bndbox>
	</object>
</annotation>
