<annotation>
	<folder></folder>
	<filename>874dcd2bbd951b0669d8bb2ae612559c_jpg.rf.5dd81d5052cb054fa18f2e036bf177a1.jpg</filename>
	<path>874dcd2bbd951b0669d8bb2ae612559c_jpg.rf.5dd81d5052cb054fa18f2e036bf177a1.jpg</path>
	<source>
		<database>roboflow.ai</database>
	</source>
	<size>
		<width>416</width>
		<height>416</height>
		<depth>3</depth>
	</size>
	<segmented>0</segmented>
	<object>
		<name>mask</name>
		<pose>Unspecified</pose>
		<truncated>0</truncated>
		<difficult>0</difficult>
		<occluded>0</occluded>
		<bndbox>
			<xmin>110</xmin>
			<xmax>175</xmax>
			<ymin>182</ymin>
			<ymax>236</ymax>
		</bndbox>
	</object>
	<object>
		<name>poor</name>
		<pose>Unspecified</pose>
		<truncated>0</truncated>
		<difficult>0</difficult>
		<occluded>0</occluded>
		<bndbox>
			<xmin>286</xmin>
			<xmax>359</xmax>
			<ymin>125</ymin>
			<ymax>185</ymax>
		</bndbox>
	</object>
</annotation>
