<annotation>
	<folder></folder>
	<filename>9125fe343fe5b1208c8b44e46df02ad4output_00002_jpg.rf.afe0e0f24fb11cd2f2b5418d6eaf907d.jpg</filename>
	<path>9125fe343fe5b1208c8b44e46df02ad4output_00002_jpg.rf.afe0e0f24fb11cd2f2b5418d6eaf907d.jpg</path>
	<source>
		<database>roboflow.ai</database>
	</source>
	<size>
		<width>416</width>
		<height>416</height>
		<depth>3</depth>
	</size>
	<segmented>0</segmented>
	<object>
		<name>mask</name>
		<pose>Unspecified</pose>
		<truncated>0</truncated>
		<difficult>0</difficult>
		<occluded>0</occluded>
		<bndbox>
			<xmin>73</xmin>
			<xmax>213</xmax>
			<ymin>98</ymin>
			<ymax>379</ymax>
		</bndbox>
	</object>
</annotation>
