<annotation>
	<folder></folder>
	<filename>94751852-8e29-4629-9015-5c68635faef3_m_jpg.rf.1f72adda864ee38dfd8b2ce7248f4290.jpg</filename>
	<path>94751852-8e29-4629-9015-5c68635faef3_m_jpg.rf.1f72adda864ee38dfd8b2ce7248f4290.jpg</path>
	<source>
		<database>roboflow.ai</database>
	</source>
	<size>
		<width>416</width>
		<height>416</height>
		<depth>3</depth>
	</size>
	<segmented>0</segmented>
	<object>
		<name>mask</name>
		<pose>Unspecified</pose>
		<truncated>0</truncated>
		<difficult>0</difficult>
		<occluded>0</occluded>
		<bndbox>
			<xmin>70</xmin>
			<xmax>152</xmax>
			<ymin>105</ymin>
			<ymax>241</ymax>
		</bndbox>
	</object>
	<object>
		<name>mask</name>
		<pose>Unspecified</pose>
		<truncated>0</truncated>
		<difficult>0</difficult>
		<occluded>0</occluded>
		<bndbox>
			<xmin>249</xmin>
			<xmax>371</xmax>
			<ymin>121</ymin>
			<ymax>263</ymax>
		</bndbox>
	</object>
</annotation>
