<annotation>
	<folder></folder>
	<filename>9557eaa8bad4b2f9615b57473de1d5f6_jpg.rf.da6185be3cef4e1869a3b6ce174fa9fe.jpg</filename>
	<path>9557eaa8bad4b2f9615b57473de1d5f6_jpg.rf.da6185be3cef4e1869a3b6ce174fa9fe.jpg</path>
	<source>
		<database>roboflow.ai</database>
	</source>
	<size>
		<width>416</width>
		<height>416</height>
		<depth>3</depth>
	</size>
	<segmented>0</segmented>
	<object>
		<name>mask</name>
		<pose>Unspecified</pose>
		<truncated>0</truncated>
		<difficult>0</difficult>
		<occluded>0</occluded>
		<bndbox>
			<xmin>84</xmin>
			<xmax>304</xmax>
			<ymin>126</ymin>
			<ymax>313</ymax>
		</bndbox>
	</object>
</annotation>
