<annotation>
	<folder></folder>
	<filename>a-asian-man-wear-hygienic-mask-for-protect-pm25-dust-on-white-background-RWW8BW_jpg.rf.2457df0c3b4760280c94965bf2591560.jpg</filename>
	<path>a-asian-man-wear-hygienic-mask-for-protect-pm25-dust-on-white-background-RWW8BW_jpg.rf.2457df0c3b4760280c94965bf2591560.jpg</path>
	<source>
		<database>roboflow.ai</database>
	</source>
	<size>
		<width>416</width>
		<height>416</height>
		<depth>3</depth>
	</size>
	<segmented>0</segmented>
	<object>
		<name>mask</name>
		<pose>Unspecified</pose>
		<truncated>0</truncated>
		<difficult>0</difficult>
		<occluded>0</occluded>
		<bndbox>
			<xmin>191</xmin>
			<xmax>282</xmax>
			<ymin>157</ymin>
			<ymax>289</ymax>
		</bndbox>
	</object>
</annotation>
