<annotation>
	<folder></folder>
	<filename>a-lady-wears-a-mask-while-visiting-tiananmen-square-in-beijing-february-DWC228_jpg.rf.a871e8ac3bb686dabdd5a0dedf62a303.jpg</filename>
	<path>a-lady-wears-a-mask-while-visiting-tiananmen-square-in-beijing-february-DWC228_jpg.rf.a871e8ac3bb686dabdd5a0dedf62a303.jpg</path>
	<source>
		<database>roboflow.ai</database>
	</source>
	<size>
		<width>416</width>
		<height>416</height>
		<depth>3</depth>
	</size>
	<segmented>0</segmented>
	<object>
		<name>mask</name>
		<pose>Unspecified</pose>
		<truncated>0</truncated>
		<difficult>0</difficult>
		<occluded>0</occluded>
		<bndbox>
			<xmin>149</xmin>
			<xmax>283</xmax>
			<ymin>102</ymin>
			<ymax>281</ymax>
		</bndbox>
	</object>
</annotation>
