<annotation>
	<folder></folder>
	<filename>ac3e0ecf-8f40-4f69-84c5-ae11170cbc50_jpg.rf.fe36d548d61313f3d5a0fc376d12c7a7.jpg</filename>
	<path>ac3e0ecf-8f40-4f69-84c5-ae11170cbc50_jpg.rf.fe36d548d61313f3d5a0fc376d12c7a7.jpg</path>
	<source>
		<database>roboflow.ai</database>
	</source>
	<size>
		<width>416</width>
		<height>416</height>
		<depth>3</depth>
	</size>
	<segmented>0</segmented>
	<object>
		<name>mask</name>
		<pose>Unspecified</pose>
		<truncated>0</truncated>
		<difficult>0</difficult>
		<occluded>0</occluded>
		<bndbox>
			<xmin>13</xmin>
			<xmax>57</xmax>
			<ymin>68</ymin>
			<ymax>146</ymax>
		</bndbox>
	</object>
	<object>
		<name>mask</name>
		<pose>Unspecified</pose>
		<truncated>0</truncated>
		<difficult>0</difficult>
		<occluded>0</occluded>
		<bndbox>
			<xmin>153</xmin>
			<xmax>205</xmax>
			<ymin>87</ymin>
			<ymax>189</ymax>
		</bndbox>
	</object>
	<object>
		<name>mask</name>
		<pose>Unspecified</pose>
		<truncated>0</truncated>
		<difficult>0</difficult>
		<occluded>0</occluded>
		<bndbox>
			<xmin>304</xmin>
			<xmax>328</xmax>
			<ymin>101</ymin>
			<ymax>147</ymax>
		</bndbox>
	</object>
	<object>
		<name>mask</name>
		<pose>Unspecified</pose>
		<truncated>0</truncated>
		<difficult>0</difficult>
		<occluded>0</occluded>
		<bndbox>
			<xmin>396</xmin>
			<xmax>416</xmax>
			<ymin>104</ymin>
			<ymax>143</ymax>
		</bndbox>
	</object>
</annotation>
