<annotation>
	<folder></folder>
	<filename>air_pollution_is_far_more_damaging__dangerous_than_you_think_heres_everything_you_must_know_1540473738_jpg.rf.d33b0869fda3e569327d923fc6c844ab.jpg</filename>
	<path>air_pollution_is_far_more_damaging__dangerous_than_you_think_heres_everything_you_must_know_1540473738_jpg.rf.d33b0869fda3e569327d923fc6c844ab.jpg</path>
	<source>
		<database>roboflow.ai</database>
	</source>
	<size>
		<width>416</width>
		<height>416</height>
		<depth>3</depth>
	</size>
	<segmented>0</segmented>
	<object>
		<name>mask</name>
		<pose>Unspecified</pose>
		<truncated>0</truncated>
		<difficult>0</difficult>
		<occluded>0</occluded>
		<bndbox>
			<xmin>117</xmin>
			<xmax>165</xmax>
			<ymin>199</ymin>
			<ymax>294</ymax>
		</bndbox>
	</object>
	<object>
		<name>mask</name>
		<pose>Unspecified</pose>
		<truncated>0</truncated>
		<difficult>0</difficult>
		<occluded>0</occluded>
		<bndbox>
			<xmin>247</xmin>
			<xmax>297</xmax>
			<ymin>134</ymin>
			<ymax>228</ymax>
		</bndbox>
	</object>
</annotation>
