<annotation>
	<folder></folder>
	<filename>ap-image-coronavirus-philippines_jpg.rf.c02465a13891daa60af47320257e62fc.jpg</filename>
	<path>ap-image-coronavirus-philippines_jpg.rf.c02465a13891daa60af47320257e62fc.jpg</path>
	<source>
		<database>roboflow.ai</database>
	</source>
	<size>
		<width>416</width>
		<height>416</height>
		<depth>3</depth>
	</size>
	<segmented>0</segmented>
	<object>
		<name>mask</name>
		<pose>Unspecified</pose>
		<truncated>0</truncated>
		<difficult>0</difficult>
		<occluded>0</occluded>
		<bndbox>
			<xmin>24</xmin>
			<xmax>62</xmax>
			<ymin>67</ymin>
			<ymax>128</ymax>
		</bndbox>
	</object>
	<object>
		<name>mask</name>
		<pose>Unspecified</pose>
		<truncated>0</truncated>
		<difficult>0</difficult>
		<occluded>0</occluded>
		<bndbox>
			<xmin>81</xmin>
			<xmax>117</xmax>
			<ymin>30</ymin>
			<ymax>95</ymax>
		</bndbox>
	</object>
	<object>
		<name>mask</name>
		<pose>Unspecified</pose>
		<truncated>0</truncated>
		<difficult>0</difficult>
		<occluded>0</occluded>
		<bndbox>
			<xmin>144</xmin>
			<xmax>169</xmax>
			<ymin>63</ymin>
			<ymax>111</ymax>
		</bndbox>
	</object>
	<object>
		<name>mask</name>
		<pose>Unspecified</pose>
		<truncated>0</truncated>
		<difficult>0</difficult>
		<occluded>0</occluded>
		<bndbox>
			<xmin>197</xmin>
			<xmax>221</xmax>
			<ymin>111</ymin>
			<ymax>153</ymax>
		</bndbox>
	</object>
	<object>
		<name>mask</name>
		<pose>Unspecified</pose>
		<truncated>0</truncated>
		<difficult>0</difficult>
		<occluded>0</occluded>
		<bndbox>
			<xmin>335</xmin>
			<xmax>348</xmax>
			<ymin>119</ymin>
			<ymax>152</ymax>
		</bndbox>
	</object>
</annotation>
