<annotation>
	<folder></folder>
	<filename>AP_20023382974442_jpg.rf.3d582cee0c214f0437a48a1bb0511c18.jpg</filename>
	<path>AP_20023382974442_jpg.rf.3d582cee0c214f0437a48a1bb0511c18.jpg</path>
	<source>
		<database>roboflow.ai</database>
	</source>
	<size>
		<width>416</width>
		<height>416</height>
		<depth>3</depth>
	</size>
	<segmented>0</segmented>
	<object>
		<name>mask</name>
		<pose>Unspecified</pose>
		<truncated>0</truncated>
		<difficult>0</difficult>
		<occluded>0</occluded>
		<bndbox>
			<xmin>185</xmin>
			<xmax>209</xmax>
			<ymin>84</ymin>
			<ymax>130</ymax>
		</bndbox>
	</object>
	<object>
		<name>mask</name>
		<pose>Unspecified</pose>
		<truncated>0</truncated>
		<difficult>0</difficult>
		<occluded>0</occluded>
		<bndbox>
			<xmin>317</xmin>
			<xmax>352</xmax>
			<ymin>60</ymin>
			<ymax>111</ymax>
		</bndbox>
	</object>
</annotation>
