<annotation>
	<folder></folder>
	<filename>article-5e3a3b262ca4f_jpg.rf.d2d37ea4ac5a2aa69982dc283a790ae7.jpg</filename>
	<path>article-5e3a3b262ca4f_jpg.rf.d2d37ea4ac5a2aa69982dc283a790ae7.jpg</path>
	<source>
		<database>roboflow.ai</database>
	</source>
	<size>
		<width>416</width>
		<height>416</height>
		<depth>3</depth>
	</size>
	<segmented>0</segmented>
	<object>
		<name>mask</name>
		<pose>Unspecified</pose>
		<truncated>0</truncated>
		<difficult>0</difficult>
		<occluded>0</occluded>
		<bndbox>
			<xmin>162</xmin>
			<xmax>265</xmax>
			<ymin>83</ymin>
			<ymax>253</ymax>
		</bndbox>
	</object>
	<object>
		<name>mask</name>
		<pose>Unspecified</pose>
		<truncated>0</truncated>
		<difficult>0</difficult>
		<occluded>0</occluded>
		<bndbox>
			<xmin>37</xmin>
			<xmax>94</xmax>
			<ymin>263</ymin>
			<ymax>346</ymax>
		</bndbox>
	</object>
	<object>
		<name>none</name>
		<pose>Unspecified</pose>
		<truncated>0</truncated>
		<difficult>0</difficult>
		<occluded>0</occluded>
		<bndbox>
			<xmin>244</xmin>
			<xmax>306</xmax>
			<ymin>27</ymin>
			<ymax>149</ymax>
		</bndbox>
	</object>
</annotation>
