<annotation>
	<folder></folder>
	<filename>asian-girl-wearing-a-dust-mask-pm25-on-bed-health-care-concept-T6BBWK_jpg.rf.b0beee20fde9e6b19e6a39cd7d09884a.jpg</filename>
	<path>asian-girl-wearing-a-dust-mask-pm25-on-bed-health-care-concept-T6BBWK_jpg.rf.b0beee20fde9e6b19e6a39cd7d09884a.jpg</path>
	<source>
		<database>roboflow.ai</database>
	</source>
	<size>
		<width>416</width>
		<height>416</height>
		<depth>3</depth>
	</size>
	<segmented>0</segmented>
	<object>
		<name>mask</name>
		<pose>Unspecified</pose>
		<truncated>0</truncated>
		<difficult>0</difficult>
		<occluded>0</occluded>
		<bndbox>
			<xmin>254</xmin>
			<xmax>362</xmax>
			<ymin>101</ymin>
			<ymax>265</ymax>
		</bndbox>
	</object>
</annotation>
