<annotation>
	<folder></folder>
	<filename>B02A00_P_04_02_jpg.rf.b0d93d906939f3c169a3bbf6f1c49ef8.jpg</filename>
	<path>B02A00_P_04_02_jpg.rf.b0d93d906939f3c169a3bbf6f1c49ef8.jpg</path>
	<source>
		<database>roboflow.ai</database>
	</source>
	<size>
		<width>416</width>
		<height>416</height>
		<depth>3</depth>
	</size>
	<segmented>0</segmented>
	<object>
		<name>none</name>
		<pose>Unspecified</pose>
		<truncated>0</truncated>
		<difficult>0</difficult>
		<occluded>0</occluded>
		<bndbox>
			<xmin>105</xmin>
			<xmax>139</xmax>
			<ymin>73</ymin>
			<ymax>136</ymax>
		</bndbox>
	</object>
	<object>
		<name>none</name>
		<pose>Unspecified</pose>
		<truncated>0</truncated>
		<difficult>0</difficult>
		<occluded>0</occluded>
		<bndbox>
			<xmin>138</xmin>
			<xmax>172</xmax>
			<ymin>111</ymin>
			<ymax>165</ymax>
		</bndbox>
	</object>
	<object>
		<name>mask</name>
		<pose>Unspecified</pose>
		<truncated>0</truncated>
		<difficult>0</difficult>
		<occluded>0</occluded>
		<bndbox>
			<xmin>237</xmin>
			<xmax>273</xmax>
			<ymin>151</ymin>
			<ymax>220</ymax>
		</bndbox>
	</object>
	<object>
		<name>mask</name>
		<pose>Unspecified</pose>
		<truncated>0</truncated>
		<difficult>0</difficult>
		<occluded>0</occluded>
		<bndbox>
			<xmin>360</xmin>
			<xmax>381</xmax>
			<ymin>92</ymin>
			<ymax>150</ymax>
		</bndbox>
	</object>
</annotation>
