<annotation>
	<folder></folder>
	<filename>B9722367586Z_jpg.rf.2e21ca43dc4745dbe9ced4766b94b611.jpg</filename>
	<path>B9722367586Z_jpg.rf.2e21ca43dc4745dbe9ced4766b94b611.jpg</path>
	<source>
		<database>roboflow.ai</database>
	</source>
	<size>
		<width>416</width>
		<height>416</height>
		<depth>3</depth>
	</size>
	<segmented>0</segmented>
	<object>
		<name>poor</name>
		<pose>Unspecified</pose>
		<truncated>0</truncated>
		<difficult>0</difficult>
		<occluded>0</occluded>
		<bndbox>
			<xmin>210</xmin>
			<xmax>237</xmax>
			<ymin>269</ymin>
			<ymax>321</ymax>
		</bndbox>
	</object>
	<object>
		<name>mask</name>
		<pose>Unspecified</pose>
		<truncated>0</truncated>
		<difficult>0</difficult>
		<occluded>0</occluded>
		<bndbox>
			<xmin>300</xmin>
			<xmax>341</xmax>
			<ymin>159</ymin>
			<ymax>235</ymax>
		</bndbox>
	</object>
</annotation>
