<annotation>
	<folder></folder>
	<filename>B9722312779Z_jpg.rf.e246c4e06a641b3fa7ce5a3421b64a0d.jpg</filename>
	<path>B9722312779Z_jpg.rf.e246c4e06a641b3fa7ce5a3421b64a0d.jpg</path>
	<source>
		<database>roboflow.ai</database>
	</source>
	<size>
		<width>416</width>
		<height>416</height>
		<depth>3</depth>
	</size>
	<segmented>0</segmented>
	<object>
		<name>none</name>
		<pose>Unspecified</pose>
		<truncated>0</truncated>
		<difficult>0</difficult>
		<occluded>0</occluded>
		<bndbox>
			<xmin>106</xmin>
			<xmax>137</xmax>
			<ymin>43</ymin>
			<ymax>114</ymax>
		</bndbox>
	</object>
	<object>
		<name>mask</name>
		<pose>Unspecified</pose>
		<truncated>0</truncated>
		<difficult>0</difficult>
		<occluded>0</occluded>
		<bndbox>
			<xmin>231</xmin>
			<xmax>263</xmax>
			<ymin>81</ymin>
			<ymax>142</ymax>
		</bndbox>
	</object>
</annotation>
