<annotation>
	<folder></folder>
	<filename>banale_mask6_jpg.rf.7a9fb080d4e0435b3122308c959589d8.jpg</filename>
	<path>banale_mask6_jpg.rf.7a9fb080d4e0435b3122308c959589d8.jpg</path>
	<source>
		<database>roboflow.ai</database>
	</source>
	<size>
		<width>416</width>
		<height>416</height>
		<depth>3</depth>
	</size>
	<segmented>0</segmented>
	<object>
		<name>mask</name>
		<pose>Unspecified</pose>
		<truncated>0</truncated>
		<difficult>0</difficult>
		<occluded>0</occluded>
		<bndbox>
			<xmin>158</xmin>
			<xmax>296</xmax>
			<ymin>99</ymin>
			<ymax>322</ymax>
		</bndbox>
	</object>
</annotation>
