<annotation>
	<folder></folder>
	<filename>banale_mask2_jpg.rf.01dfe649dbb450ae5acb89c7b19fc96e.jpg</filename>
	<path>banale_mask2_jpg.rf.01dfe649dbb450ae5acb89c7b19fc96e.jpg</path>
	<source>
		<database>roboflow.ai</database>
	</source>
	<size>
		<width>416</width>
		<height>416</height>
		<depth>3</depth>
	</size>
	<segmented>0</segmented>
	<object>
		<name>mask</name>
		<pose>Unspecified</pose>
		<truncated>0</truncated>
		<difficult>0</difficult>
		<occluded>0</occluded>
		<bndbox>
			<xmin>228</xmin>
			<xmax>274</xmax>
			<ymin>61</ymin>
			<ymax>151</ymax>
		</bndbox>
	</object>
</annotation>
