<annotation>
	<folder></folder>
	<filename>BBZppaq_jpg.rf.810a8b765a576c98104589f515539c52.jpg</filename>
	<path>BBZppaq_jpg.rf.810a8b765a576c98104589f515539c52.jpg</path>
	<source>
		<database>roboflow.ai</database>
	</source>
	<size>
		<width>416</width>
		<height>416</height>
		<depth>3</depth>
	</size>
	<segmented>0</segmented>
	<object>
		<name>mask</name>
		<pose>Unspecified</pose>
		<truncated>0</truncated>
		<difficult>0</difficult>
		<occluded>0</occluded>
		<bndbox>
			<xmin>191</xmin>
			<xmax>277</xmax>
			<ymin>10</ymin>
			<ymax>182</ymax>
		</bndbox>
	</object>
	<object>
		<name>mask</name>
		<pose>Unspecified</pose>
		<truncated>0</truncated>
		<difficult>0</difficult>
		<occluded>0</occluded>
		<bndbox>
			<xmin>355</xmin>
			<xmax>397</xmax>
			<ymin>226</ymin>
			<ymax>325</ymax>
		</bndbox>
	</object>
	<object>
		<name>mask</name>
		<pose>Unspecified</pose>
		<truncated>0</truncated>
		<difficult>0</difficult>
		<occluded>0</occluded>
		<bndbox>
			<xmin>368</xmin>
			<xmax>395</xmax>
			<ymin>171</ymin>
			<ymax>290</ymax>
		</bndbox>
	</object>
	<object>
		<name>none</name>
		<pose>Unspecified</pose>
		<truncated>0</truncated>
		<difficult>0</difficult>
		<occluded>0</occluded>
		<bndbox>
			<xmin>44</xmin>
			<xmax>73</xmax>
			<ymin>140</ymin>
			<ymax>263</ymax>
		</bndbox>
	</object>
</annotation>
