<annotation>
	<folder></folder>
	<filename>beijing-oct-19-2014-chinese-girls-with-a-face-mask-beijing-raised-JEJXDX_jpg.rf.34e89c3d43bc3973a679ce6442aacb8f.jpg</filename>
	<path>beijing-oct-19-2014-chinese-girls-with-a-face-mask-beijing-raised-JEJXDX_jpg.rf.34e89c3d43bc3973a679ce6442aacb8f.jpg</path>
	<source>
		<database>roboflow.ai</database>
	</source>
	<size>
		<width>416</width>
		<height>416</height>
		<depth>3</depth>
	</size>
	<segmented>0</segmented>
	<object>
		<name>mask</name>
		<pose>Unspecified</pose>
		<truncated>0</truncated>
		<difficult>0</difficult>
		<occluded>0</occluded>
		<bndbox>
			<xmin>110</xmin>
			<xmax>188</xmax>
			<ymin>99</ymin>
			<ymax>219</ymax>
		</bndbox>
	</object>
	<object>
		<name>mask</name>
		<pose>Unspecified</pose>
		<truncated>0</truncated>
		<difficult>0</difficult>
		<occluded>0</occluded>
		<bndbox>
			<xmin>183</xmin>
			<xmax>269</xmax>
			<ymin>111</ymin>
			<ymax>247</ymax>
		</bndbox>
	</object>
</annotation>
