<annotation>
	<folder></folder>
	<filename>bkn-20180225144433772-0225_00822_001_01p_jpg.rf.f14e90bfa20456165b8edb1daa044f37.jpg</filename>
	<path>bkn-20180225144433772-0225_00822_001_01p_jpg.rf.f14e90bfa20456165b8edb1daa044f37.jpg</path>
	<source>
		<database>roboflow.ai</database>
	</source>
	<size>
		<width>416</width>
		<height>416</height>
		<depth>3</depth>
	</size>
	<segmented>0</segmented>
	<object>
		<name>mask</name>
		<pose>Unspecified</pose>
		<truncated>0</truncated>
		<difficult>0</difficult>
		<occluded>0</occluded>
		<bndbox>
			<xmin>74</xmin>
			<xmax>157</xmax>
			<ymin>118</ymin>
			<ymax>222</ymax>
		</bndbox>
	</object>
	<object>
		<name>mask</name>
		<pose>Unspecified</pose>
		<truncated>0</truncated>
		<difficult>0</difficult>
		<occluded>0</occluded>
		<bndbox>
			<xmin>256</xmin>
			<xmax>339</xmax>
			<ymin>154</ymin>
			<ymax>283</ymax>
		</bndbox>
	</object>
</annotation>
