<annotation>
	<folder></folder>
	<filename>C9AAEF73EE-SP-6615089_jpg.rf.d5a959561c0c3dee16ec0527dfa9a5f3.jpg</filename>
	<path>C9AAEF73EE-SP-6615089_jpg.rf.d5a959561c0c3dee16ec0527dfa9a5f3.jpg</path>
	<source>
		<database>roboflow.ai</database>
	</source>
	<size>
		<width>416</width>
		<height>416</height>
		<depth>3</depth>
	</size>
	<segmented>0</segmented>
	<object>
		<name>mask</name>
		<pose>Unspecified</pose>
		<truncated>0</truncated>
		<difficult>0</difficult>
		<occluded>0</occluded>
		<bndbox>
			<xmin>225</xmin>
			<xmax>387</xmax>
			<ymin>96</ymin>
			<ymax>261</ymax>
		</bndbox>
	</object>
</annotation>
