<annotation>
	<folder></folder>
	<filename>carrie-lam-wearing-mask-wrongly_jpg.rf.ccd6a7383449785816bb2ecc3f24329c.jpg</filename>
	<path>carrie-lam-wearing-mask-wrongly_jpg.rf.ccd6a7383449785816bb2ecc3f24329c.jpg</path>
	<source>
		<database>roboflow.ai</database>
	</source>
	<size>
		<width>416</width>
		<height>416</height>
		<depth>3</depth>
	</size>
	<segmented>0</segmented>
	<object>
		<name>poor</name>
		<pose>Unspecified</pose>
		<truncated>0</truncated>
		<difficult>0</difficult>
		<occluded>0</occluded>
		<bndbox>
			<xmin>178</xmin>
			<xmax>249</xmax>
			<ymin>136</ymin>
			<ymax>284</ymax>
		</bndbox>
	</object>
</annotation>
