<annotation>
	<folder></folder>
	<filename>cba5afe7-67d8-48a4-ad60-d1d21948c393_size190_w1024_h795_jpg.rf.eeb6956ca189159799ffb012f1405224.jpg</filename>
	<path>cba5afe7-67d8-48a4-ad60-d1d21948c393_size190_w1024_h795_jpg.rf.eeb6956ca189159799ffb012f1405224.jpg</path>
	<source>
		<database>roboflow.ai</database>
	</source>
	<size>
		<width>416</width>
		<height>416</height>
		<depth>3</depth>
	</size>
	<segmented>0</segmented>
	<object>
		<name>mask</name>
		<pose>Unspecified</pose>
		<truncated>0</truncated>
		<difficult>0</difficult>
		<occluded>0</occluded>
		<bndbox>
			<xmin>100</xmin>
			<xmax>125</xmax>
			<ymin>86</ymin>
			<ymax>119</ymax>
		</bndbox>
	</object>
	<object>
		<name>mask</name>
		<pose>Unspecified</pose>
		<truncated>0</truncated>
		<difficult>0</difficult>
		<occluded>0</occluded>
		<bndbox>
			<xmin>170</xmin>
			<xmax>193</xmax>
			<ymin>101</ymin>
			<ymax>127</ymax>
		</bndbox>
	</object>
	<object>
		<name>mask</name>
		<pose>Unspecified</pose>
		<truncated>0</truncated>
		<difficult>0</difficult>
		<occluded>0</occluded>
		<bndbox>
			<xmin>216</xmin>
			<xmax>239</xmax>
			<ymin>94</ymin>
			<ymax>128</ymax>
		</bndbox>
	</object>
	<object>
		<name>mask</name>
		<pose>Unspecified</pose>
		<truncated>0</truncated>
		<difficult>0</difficult>
		<occluded>0</occluded>
		<bndbox>
			<xmin>257</xmin>
			<xmax>278</xmax>
			<ymin>98</ymin>
			<ymax>129</ymax>
		</bndbox>
	</object>
	<object>
		<name>none</name>
		<pose>Unspecified</pose>
		<truncated>0</truncated>
		<difficult>0</difficult>
		<occluded>0</occluded>
		<bndbox>
			<xmin>370</xmin>
			<xmax>376</xmax>
			<ymin>197</ymin>
			<ymax>209</ymax>
		</bndbox>
	</object>
	<object>
		<name>none</name>
		<pose>Unspecified</pose>
		<truncated>0</truncated>
		<difficult>0</difficult>
		<occluded>0</occluded>
		<bndbox>
			<xmin>394</xmin>
			<xmax>400</xmax>
			<ymin>181</ymin>
			<ymax>193</ymax>
		</bndbox>
	</object>
</annotation>
