<annotation>
	<folder></folder>
	<filename>cff8244482ede545b1d81c9be7f5b6ed_original_jpg.rf.31adfe0051b8fe95936f20433e2d6d72.jpg</filename>
	<path>cff8244482ede545b1d81c9be7f5b6ed_original_jpg.rf.31adfe0051b8fe95936f20433e2d6d72.jpg</path>
	<source>
		<database>roboflow.ai</database>
	</source>
	<size>
		<width>416</width>
		<height>416</height>
		<depth>3</depth>
	</size>
	<segmented>0</segmented>
	<object>
		<name>mask</name>
		<pose>Unspecified</pose>
		<truncated>0</truncated>
		<difficult>0</difficult>
		<occluded>0</occluded>
		<bndbox>
			<xmin>185</xmin>
			<xmax>257</xmax>
			<ymin>107</ymin>
			<ymax>261</ymax>
		</bndbox>
	</object>
</annotation>
