<annotation>
	<folder></folder>
	<filename>chine-virus-_jpg.rf.c76c9dafd03e706e5cbd2cb88588d513.jpg</filename>
	<path>chine-virus-_jpg.rf.c76c9dafd03e706e5cbd2cb88588d513.jpg</path>
	<source>
		<database>roboflow.ai</database>
	</source>
	<size>
		<width>416</width>
		<height>416</height>
		<depth>3</depth>
	</size>
	<segmented>0</segmented>
	<object>
		<name>mask</name>
		<pose>Unspecified</pose>
		<truncated>0</truncated>
		<difficult>0</difficult>
		<occluded>0</occluded>
		<bndbox>
			<xmin>204</xmin>
			<xmax>245</xmax>
			<ymin>67</ymin>
			<ymax>142</ymax>
		</bndbox>
	</object>
	<object>
		<name>mask</name>
		<pose>Unspecified</pose>
		<truncated>0</truncated>
		<difficult>0</difficult>
		<occluded>0</occluded>
		<bndbox>
			<xmin>43</xmin>
			<xmax>68</xmax>
			<ymin>114</ymin>
			<ymax>148</ymax>
		</bndbox>
	</object>
	<object>
		<name>mask</name>
		<pose>Unspecified</pose>
		<truncated>0</truncated>
		<difficult>0</difficult>
		<occluded>0</occluded>
		<bndbox>
			<xmin>274</xmin>
			<xmax>298</xmax>
			<ymin>97</ymin>
			<ymax>133</ymax>
		</bndbox>
	</object>
	<object>
		<name>mask</name>
		<pose>Unspecified</pose>
		<truncated>0</truncated>
		<difficult>0</difficult>
		<occluded>0</occluded>
		<bndbox>
			<xmin>357</xmin>
			<xmax>392</xmax>
			<ymin>123</ymin>
			<ymax>165</ymax>
		</bndbox>
	</object>
</annotation>
