<annotation>
	<folder></folder>
	<filename>china-coronavirus-beijing-station-spring-festival_jpg.rf.97c15515267429b1b4f7f77febf1da02.jpg</filename>
	<path>china-coronavirus-beijing-station-spring-festival_jpg.rf.97c15515267429b1b4f7f77febf1da02.jpg</path>
	<source>
		<database>roboflow.ai</database>
	</source>
	<size>
		<width>416</width>
		<height>416</height>
		<depth>3</depth>
	</size>
	<segmented>0</segmented>
	<object>
		<name>mask</name>
		<pose>Unspecified</pose>
		<truncated>0</truncated>
		<difficult>0</difficult>
		<occluded>0</occluded>
		<bndbox>
			<xmin>149</xmin>
			<xmax>265</xmax>
			<ymin>146</ymin>
			<ymax>316</ymax>
		</bndbox>
	</object>
</annotation>
