<annotation>
	<folder></folder>
	<filename>chinese-girl-with-face-mask-yinchuan-ningxia-china-J61449_jpg.rf.fe4aa6a77dbed79f8705c62169f25560.jpg</filename>
	<path>chinese-girl-with-face-mask-yinchuan-ningxia-china-J61449_jpg.rf.fe4aa6a77dbed79f8705c62169f25560.jpg</path>
	<source>
		<database>roboflow.ai</database>
	</source>
	<size>
		<width>416</width>
		<height>416</height>
		<depth>3</depth>
	</size>
	<segmented>0</segmented>
	<object>
		<name>mask</name>
		<pose>Unspecified</pose>
		<truncated>0</truncated>
		<difficult>0</difficult>
		<occluded>0</occluded>
		<bndbox>
			<xmin>241</xmin>
			<xmax>317</xmax>
			<ymin>71</ymin>
			<ymax>114</ymax>
		</bndbox>
	</object>
	<object>
		<name>none</name>
		<pose>Unspecified</pose>
		<truncated>0</truncated>
		<difficult>0</difficult>
		<occluded>0</occluded>
		<bndbox>
			<xmin>80</xmin>
			<xmax>151</xmax>
			<ymin>94</ymin>
			<ymax>139</ymax>
		</bndbox>
	</object>
</annotation>
