<annotation>
	<folder></folder>
	<filename>China_teens_jpg.rf.c76b05d2407cd4cca96fc0d35c85462e.jpg</filename>
	<path>China_teens_jpg.rf.c76b05d2407cd4cca96fc0d35c85462e.jpg</path>
	<source>
		<database>roboflow.ai</database>
	</source>
	<size>
		<width>416</width>
		<height>416</height>
		<depth>3</depth>
	</size>
	<segmented>0</segmented>
	<object>
		<name>mask</name>
		<pose>Unspecified</pose>
		<truncated>0</truncated>
		<difficult>0</difficult>
		<occluded>0</occluded>
		<bndbox>
			<xmin>193</xmin>
			<xmax>226</xmax>
			<ymin>171</ymin>
			<ymax>221</ymax>
		</bndbox>
	</object>
	<object>
		<name>none</name>
		<pose>Unspecified</pose>
		<truncated>0</truncated>
		<difficult>0</difficult>
		<occluded>0</occluded>
		<bndbox>
			<xmin>153</xmin>
			<xmax>189</xmax>
			<ymin>170</ymin>
			<ymax>211</ymax>
		</bndbox>
	</object>
</annotation>
