<annotation>
	<folder></folder>
	<filename>CHINE-LYCEE-FRANCAIS-PEKIN_jpg.rf.b5ab2a21d7e25f6bc638e20022192649.jpg</filename>
	<path>CHINE-LYCEE-FRANCAIS-PEKIN_jpg.rf.b5ab2a21d7e25f6bc638e20022192649.jpg</path>
	<source>
		<database>roboflow.ai</database>
	</source>
	<size>
		<width>416</width>
		<height>416</height>
		<depth>3</depth>
	</size>
	<segmented>0</segmented>
	<object>
		<name>mask</name>
		<pose>Unspecified</pose>
		<truncated>0</truncated>
		<difficult>0</difficult>
		<occluded>0</occluded>
		<bndbox>
			<xmin>64</xmin>
			<xmax>174</xmax>
			<ymin>176</ymin>
			<ymax>336</ymax>
		</bndbox>
	</object>
	<object>
		<name>mask</name>
		<pose>Unspecified</pose>
		<truncated>0</truncated>
		<difficult>0</difficult>
		<occluded>0</occluded>
		<bndbox>
			<xmin>182</xmin>
			<xmax>269</xmax>
			<ymin>193</ymin>
			<ymax>324</ymax>
		</bndbox>
	</object>
	<object>
		<name>mask</name>
		<pose>Unspecified</pose>
		<truncated>0</truncated>
		<difficult>0</difficult>
		<occluded>0</occluded>
		<bndbox>
			<xmin>269</xmin>
			<xmax>351</xmax>
			<ymin>135</ymin>
			<ymax>272</ymax>
		</bndbox>
	</object>
</annotation>
