<annotation>
	<folder></folder>
	<filename>ckeditor-5e4505ccf0ccc_jpg.rf.fffb434fef2cc428ee297c79bd9b77ba.jpg</filename>
	<path>ckeditor-5e4505ccf0ccc_jpg.rf.fffb434fef2cc428ee297c79bd9b77ba.jpg</path>
	<source>
		<database>roboflow.ai</database>
	</source>
	<size>
		<width>416</width>
		<height>416</height>
		<depth>3</depth>
	</size>
	<segmented>0</segmented>
	<object>
		<name>mask</name>
		<pose>Unspecified</pose>
		<truncated>0</truncated>
		<difficult>0</difficult>
		<occluded>0</occluded>
		<bndbox>
			<xmin>176</xmin>
			<xmax>252</xmax>
			<ymin>61</ymin>
			<ymax>109</ymax>
		</bndbox>
	</object>
</annotation>
