<annotation>
	<folder></folder>
	<filename>ckeditor-5e450681b7dad_jpg.rf.96a47e6b1f8779ae16fbb21a88f8d881.jpg</filename>
	<path>ckeditor-5e450681b7dad_jpg.rf.96a47e6b1f8779ae16fbb21a88f8d881.jpg</path>
	<source>
		<database>roboflow.ai</database>
	</source>
	<size>
		<width>416</width>
		<height>416</height>
		<depth>3</depth>
	</size>
	<segmented>0</segmented>
	<object>
		<name>mask</name>
		<pose>Unspecified</pose>
		<truncated>0</truncated>
		<difficult>0</difficult>
		<occluded>0</occluded>
		<bndbox>
			<xmin>156</xmin>
			<xmax>230</xmax>
			<ymin>60</ymin>
			<ymax>104</ymax>
		</bndbox>
	</object>
</annotation>
