<annotation>
	<folder></folder>
	<filename>ckeditor-5e4507060b13f_jpg.rf.230ba5c5d26f943303ab6204dc16742e.jpg</filename>
	<path>ckeditor-5e4507060b13f_jpg.rf.230ba5c5d26f943303ab6204dc16742e.jpg</path>
	<source>
		<database>roboflow.ai</database>
	</source>
	<size>
		<width>416</width>
		<height>416</height>
		<depth>3</depth>
	</size>
	<segmented>0</segmented>
	<object>
		<name>mask</name>
		<pose>Unspecified</pose>
		<truncated>0</truncated>
		<difficult>0</difficult>
		<occluded>0</occluded>
		<bndbox>
			<xmin>94</xmin>
			<xmax>117</xmax>
			<ymin>32</ymin>
			<ymax>68</ymax>
		</bndbox>
	</object>
	<object>
		<name>none</name>
		<pose>Unspecified</pose>
		<truncated>0</truncated>
		<difficult>0</difficult>
		<occluded>0</occluded>
		<bndbox>
			<xmin>301</xmin>
			<xmax>324</xmax>
			<ymin>32</ymin>
			<ymax>69</ymax>
		</bndbox>
	</object>
</annotation>
