<annotation>
	<folder></folder>
	<filename>ckeditor-5e45056957880_jpg.rf.bc7f9ca0bc3584c3308f2437db351b3c.jpg</filename>
	<path>ckeditor-5e45056957880_jpg.rf.bc7f9ca0bc3584c3308f2437db351b3c.jpg</path>
	<source>
		<database>roboflow.ai</database>
	</source>
	<size>
		<width>416</width>
		<height>416</height>
		<depth>3</depth>
	</size>
	<segmented>0</segmented>
	<object>
		<name>mask</name>
		<pose>Unspecified</pose>
		<truncated>0</truncated>
		<difficult>0</difficult>
		<occluded>0</occluded>
		<bndbox>
			<xmin>205</xmin>
			<xmax>248</xmax>
			<ymin>49</ymin>
			<ymax>85</ymax>
		</bndbox>
	</object>
</annotation>
