<annotation>
	<folder></folder>
	<filename>ckeditor-5e4507e23b957_jpg.rf.c94ee7cc56f733243ccc068afb376731.jpg</filename>
	<path>ckeditor-5e4507e23b957_jpg.rf.c94ee7cc56f733243ccc068afb376731.jpg</path>
	<source>
		<database>roboflow.ai</database>
	</source>
	<size>
		<width>416</width>
		<height>416</height>
		<depth>3</depth>
	</size>
	<segmented>0</segmented>
	<object>
		<name>mask</name>
		<pose>Unspecified</pose>
		<truncated>0</truncated>
		<difficult>0</difficult>
		<occluded>0</occluded>
		<bndbox>
			<xmin>181</xmin>
			<xmax>224</xmax>
			<ymin>37</ymin>
			<ymax>74</ymax>
		</bndbox>
	</object>
</annotation>
