<annotation>
	<folder></folder>
	<filename>ckeditor-5e4504f1c264d_jpg.rf.e9a55f71b2ac1e67d1ac74c85fdf8b53.jpg</filename>
	<path>ckeditor-5e4504f1c264d_jpg.rf.e9a55f71b2ac1e67d1ac74c85fdf8b53.jpg</path>
	<source>
		<database>roboflow.ai</database>
	</source>
	<size>
		<width>416</width>
		<height>416</height>
		<depth>3</depth>
	</size>
	<segmented>0</segmented>
	<object>
		<name>mask</name>
		<pose>Unspecified</pose>
		<truncated>0</truncated>
		<difficult>0</difficult>
		<occluded>0</occluded>
		<bndbox>
			<xmin>174</xmin>
			<xmax>245</xmax>
			<ymin>42</ymin>
			<ymax>91</ymax>
		</bndbox>
	</object>
</annotation>
