<annotation>
	<folder></folder>
	<filename>content_e1c70ab9-4718-4637-8b7e-cfa897feb81c_jpg.rf.ef627a0dbdb02769ee47d11bf1762f11.jpg</filename>
	<path>content_e1c70ab9-4718-4637-8b7e-cfa897feb81c_jpg.rf.ef627a0dbdb02769ee47d11bf1762f11.jpg</path>
	<source>
		<database>roboflow.ai</database>
	</source>
	<size>
		<width>416</width>
		<height>416</height>
		<depth>3</depth>
	</size>
	<segmented>0</segmented>
	<object>
		<name>mask</name>
		<pose>Unspecified</pose>
		<truncated>0</truncated>
		<difficult>0</difficult>
		<occluded>0</occluded>
		<bndbox>
			<xmin>41</xmin>
			<xmax>155</xmax>
			<ymin>115</ymin>
			<ymax>299</ymax>
		</bndbox>
	</object>
	<object>
		<name>mask</name>
		<pose>Unspecified</pose>
		<truncated>0</truncated>
		<difficult>0</difficult>
		<occluded>0</occluded>
		<bndbox>
			<xmin>249</xmin>
			<xmax>383</xmax>
			<ymin>132</ymin>
			<ymax>326</ymax>
		</bndbox>
	</object>
</annotation>
