<annotation>
	<folder></folder>
	<filename>Coronavirus-chinois-precaution-maximale-en-France-les-rapatries-seront-en-quarantaine-pendant-14-jours_jpg.rf.61a665928f86e23748de770c629001f5.jpg</filename>
	<path>Coronavirus-chinois-precaution-maximale-en-France-les-rapatries-seront-en-quarantaine-pendant-14-jours_jpg.rf.61a665928f86e23748de770c629001f5.jpg</path>
	<source>
		<database>roboflow.ai</database>
	</source>
	<size>
		<width>416</width>
		<height>416</height>
		<depth>3</depth>
	</size>
	<segmented>0</segmented>
	<object>
		<name>mask</name>
		<pose>Unspecified</pose>
		<truncated>0</truncated>
		<difficult>0</difficult>
		<occluded>0</occluded>
		<bndbox>
			<xmin>218</xmin>
			<xmax>241</xmax>
			<ymin>133</ymin>
			<ymax>175</ymax>
		</bndbox>
	</object>
	<object>
		<name>mask</name>
		<pose>Unspecified</pose>
		<truncated>0</truncated>
		<difficult>0</difficult>
		<occluded>0</occluded>
		<bndbox>
			<xmin>248</xmin>
			<xmax>272</xmax>
			<ymin>110</ymin>
			<ymax>160</ymax>
		</bndbox>
	</object>
	<object>
		<name>mask</name>
		<pose>Unspecified</pose>
		<truncated>0</truncated>
		<difficult>0</difficult>
		<occluded>0</occluded>
		<bndbox>
			<xmin>281</xmin>
			<xmax>297</xmax>
			<ymin>159</ymin>
			<ymax>199</ymax>
		</bndbox>
	</object>
</annotation>
