<annotation>
	<folder></folder>
	<filename>coronavirus-1_1580220542_jpg.rf.42f74f33cf9563b60b48716dd7e3e148.jpg</filename>
	<path>coronavirus-1_1580220542_jpg.rf.42f74f33cf9563b60b48716dd7e3e148.jpg</path>
	<source>
		<database>roboflow.ai</database>
	</source>
	<size>
		<width>416</width>
		<height>416</height>
		<depth>3</depth>
	</size>
	<segmented>0</segmented>
	<object>
		<name>mask</name>
		<pose>Unspecified</pose>
		<truncated>0</truncated>
		<difficult>0</difficult>
		<occluded>0</occluded>
		<bndbox>
			<xmin>348</xmin>
			<xmax>373</xmax>
			<ymin>6</ymin>
			<ymax>52</ymax>
		</bndbox>
	</object>
	<object>
		<name>mask</name>
		<pose>Unspecified</pose>
		<truncated>0</truncated>
		<difficult>0</difficult>
		<occluded>0</occluded>
		<bndbox>
			<xmin>305</xmin>
			<xmax>339</xmax>
			<ymin>94</ymin>
			<ymax>131</ymax>
		</bndbox>
	</object>
	<object>
		<name>mask</name>
		<pose>Unspecified</pose>
		<truncated>0</truncated>
		<difficult>0</difficult>
		<occluded>0</occluded>
		<bndbox>
			<xmin>242</xmin>
			<xmax>290</xmax>
			<ymin>38</ymin>
			<ymax>109</ymax>
		</bndbox>
	</object>
	<object>
		<name>mask</name>
		<pose>Unspecified</pose>
		<truncated>0</truncated>
		<difficult>0</difficult>
		<occluded>0</occluded>
		<bndbox>
			<xmin>236</xmin>
			<xmax>281</xmax>
			<ymin>156</ymin>
			<ymax>222</ymax>
		</bndbox>
	</object>
	<object>
		<name>mask</name>
		<pose>Unspecified</pose>
		<truncated>0</truncated>
		<difficult>0</difficult>
		<occluded>0</occluded>
		<bndbox>
			<xmin>158</xmin>
			<xmax>203</xmax>
			<ymin>286</ymin>
			<ymax>356</ymax>
		</bndbox>
	</object>
</annotation>
