<annotation>
	<folder></folder>
	<filename>Coronavirus-China_jpg.rf.85caa8939541071ade61f8229a2281da.jpg</filename>
	<path>Coronavirus-China_jpg.rf.85caa8939541071ade61f8229a2281da.jpg</path>
	<source>
		<database>roboflow.ai</database>
	</source>
	<size>
		<width>416</width>
		<height>416</height>
		<depth>3</depth>
	</size>
	<segmented>0</segmented>
	<object>
		<name>mask</name>
		<pose>Unspecified</pose>
		<truncated>0</truncated>
		<difficult>0</difficult>
		<occluded>0</occluded>
		<bndbox>
			<xmin>151</xmin>
			<xmax>188</xmax>
			<ymin>145</ymin>
			<ymax>195</ymax>
		</bndbox>
	</object>
</annotation>
