<annotation>
	<folder></folder>
	<filename>Coronavirus-China-Twelve-Peruvian-people-are-good-in-the_jpg.rf.a255ce7147462daa9b76bb52ba22aae6.jpg</filename>
	<path>Coronavirus-China-Twelve-Peruvian-people-are-good-in-the_jpg.rf.a255ce7147462daa9b76bb52ba22aae6.jpg</path>
	<source>
		<database>roboflow.ai</database>
	</source>
	<size>
		<width>416</width>
		<height>416</height>
		<depth>3</depth>
	</size>
	<segmented>0</segmented>
	<object>
		<name>mask</name>
		<pose>Unspecified</pose>
		<truncated>0</truncated>
		<difficult>0</difficult>
		<occluded>0</occluded>
		<bndbox>
			<xmin>293</xmin>
			<xmax>334</xmax>
			<ymin>75</ymin>
			<ymax>162</ymax>
		</bndbox>
	</object>
	<object>
		<name>mask</name>
		<pose>Unspecified</pose>
		<truncated>0</truncated>
		<difficult>0</difficult>
		<occluded>0</occluded>
		<bndbox>
			<xmin>238</xmin>
			<xmax>274</xmax>
			<ymin>66</ymin>
			<ymax>133</ymax>
		</bndbox>
	</object>
	<object>
		<name>mask</name>
		<pose>Unspecified</pose>
		<truncated>0</truncated>
		<difficult>0</difficult>
		<occluded>0</occluded>
		<bndbox>
			<xmin>201</xmin>
			<xmax>240</xmax>
			<ymin>115</ymin>
			<ymax>194</ymax>
		</bndbox>
	</object>
	<object>
		<name>mask</name>
		<pose>Unspecified</pose>
		<truncated>0</truncated>
		<difficult>0</difficult>
		<occluded>0</occluded>
		<bndbox>
			<xmin>103</xmin>
			<xmax>156</xmax>
			<ymin>95</ymin>
			<ymax>189</ymax>
		</bndbox>
	</object>
</annotation>
