<annotation>
	<folder></folder>
	<filename>Coronavirus_Shutterstock_China_jpg.rf.a63b15f84fdf1184c4501c30d1b702e7.jpg</filename>
	<path>Coronavirus_Shutterstock_China_jpg.rf.a63b15f84fdf1184c4501c30d1b702e7.jpg</path>
	<source>
		<database>roboflow.ai</database>
	</source>
	<size>
		<width>416</width>
		<height>416</height>
		<depth>3</depth>
	</size>
	<segmented>0</segmented>
	<object>
		<name>mask</name>
		<pose>Unspecified</pose>
		<truncated>0</truncated>
		<difficult>0</difficult>
		<occluded>0</occluded>
		<bndbox>
			<xmin>53</xmin>
			<xmax>84</xmax>
			<ymin>181</ymin>
			<ymax>221</ymax>
		</bndbox>
	</object>
	<object>
		<name>mask</name>
		<pose>Unspecified</pose>
		<truncated>0</truncated>
		<difficult>0</difficult>
		<occluded>0</occluded>
		<bndbox>
			<xmin>100</xmin>
			<xmax>131</xmax>
			<ymin>181</ymin>
			<ymax>220</ymax>
		</bndbox>
	</object>
	<object>
		<name>mask</name>
		<pose>Unspecified</pose>
		<truncated>0</truncated>
		<difficult>0</difficult>
		<occluded>0</occluded>
		<bndbox>
			<xmin>205</xmin>
			<xmax>228</xmax>
			<ymin>175</ymin>
			<ymax>208</ymax>
		</bndbox>
	</object>
	<object>
		<name>mask</name>
		<pose>Unspecified</pose>
		<truncated>0</truncated>
		<difficult>0</difficult>
		<occluded>0</occluded>
		<bndbox>
			<xmin>293</xmin>
			<xmax>318</xmax>
			<ymin>190</ymin>
			<ymax>218</ymax>
		</bndbox>
	</object>
	<object>
		<name>mask</name>
		<pose>Unspecified</pose>
		<truncated>0</truncated>
		<difficult>0</difficult>
		<occluded>0</occluded>
		<bndbox>
			<xmin>328</xmin>
			<xmax>346</xmax>
			<ymin>181</ymin>
			<ymax>204</ymax>
		</bndbox>
	</object>
	<object>
		<name>mask</name>
		<pose>Unspecified</pose>
		<truncated>0</truncated>
		<difficult>0</difficult>
		<occluded>0</occluded>
		<bndbox>
			<xmin>403</xmin>
			<xmax>417</xmax>
			<ymin>158</ymin>
			<ymax>182</ymax>
		</bndbox>
	</object>
</annotation>
