<annotation>
	<folder></folder>
	<filename>Coronavirus-1024x683_jpg.rf.580e1dce1caa187afac929f8a545c4fb.jpg</filename>
	<path>Coronavirus-1024x683_jpg.rf.580e1dce1caa187afac929f8a545c4fb.jpg</path>
	<source>
		<database>roboflow.ai</database>
	</source>
	<size>
		<width>416</width>
		<height>416</height>
		<depth>3</depth>
	</size>
	<segmented>0</segmented>
	<object>
		<name>none</name>
		<pose>Unspecified</pose>
		<truncated>0</truncated>
		<difficult>0</difficult>
		<occluded>0</occluded>
		<bndbox>
			<xmin>84</xmin>
			<xmax>173</xmax>
			<ymin>144</ymin>
			<ymax>297</ymax>
		</bndbox>
	</object>
	<object>
		<name>mask</name>
		<pose>Unspecified</pose>
		<truncated>0</truncated>
		<difficult>0</difficult>
		<occluded>0</occluded>
		<bndbox>
			<xmin>200</xmin>
			<xmax>279</xmax>
			<ymin>150</ymin>
			<ymax>266</ymax>
		</bndbox>
	</object>
</annotation>
