<annotation>
	<folder></folder>
	<filename>Cotton-PM2-5-Black-mouth-Mask-anti-dust-mask-Activated-carbon-filter-Windproof-Mouth-muffle_jpg.rf.ee507c2f3b2fe4ce8dad14dcd2ce6b36.jpg</filename>
	<path>Cotton-PM2-5-Black-mouth-Mask-anti-dust-mask-Activated-carbon-filter-Windproof-Mouth-muffle_jpg.rf.ee507c2f3b2fe4ce8dad14dcd2ce6b36.jpg</path>
	<source>
		<database>roboflow.ai</database>
	</source>
	<size>
		<width>416</width>
		<height>416</height>
		<depth>3</depth>
	</size>
	<segmented>0</segmented>
	<object>
		<name>mask</name>
		<pose>Unspecified</pose>
		<truncated>0</truncated>
		<difficult>0</difficult>
		<occluded>0</occluded>
		<bndbox>
			<xmin>167</xmin>
			<xmax>334</xmax>
			<ymin>132</ymin>
			<ymax>322</ymax>
		</bndbox>
	</object>
</annotation>
