<annotation>
	<folder></folder>
	<filename>DENn-KMXoAEtKHy_jpg.rf.05363b84ea0de247d0cbe6a1d8b874e3.jpg</filename>
	<path>DENn-KMXoAEtKHy_jpg.rf.05363b84ea0de247d0cbe6a1d8b874e3.jpg</path>
	<source>
		<database>roboflow.ai</database>
	</source>
	<size>
		<width>416</width>
		<height>416</height>
		<depth>3</depth>
	</size>
	<segmented>0</segmented>
	<object>
		<name>mask</name>
		<pose>Unspecified</pose>
		<truncated>0</truncated>
		<difficult>0</difficult>
		<occluded>0</occluded>
		<bndbox>
			<xmin>165</xmin>
			<xmax>234</xmax>
			<ymin>111</ymin>
			<ymax>192</ymax>
		</bndbox>
	</object>
	<object>
		<name>mask</name>
		<pose>Unspecified</pose>
		<truncated>0</truncated>
		<difficult>0</difficult>
		<occluded>0</occluded>
		<bndbox>
			<xmin>251</xmin>
			<xmax>363</xmax>
			<ymin>101</ymin>
			<ymax>228</ymax>
		</bndbox>
	</object>
</annotation>
