<annotation>
	<folder></folder>
	<filename>DSC_9492_jpg.rf.f8da62dccbd212ec7c940febcc6b9db1.jpg</filename>
	<path>DSC_9492_jpg.rf.f8da62dccbd212ec7c940febcc6b9db1.jpg</path>
	<source>
		<database>roboflow.ai</database>
	</source>
	<size>
		<width>416</width>
		<height>416</height>
		<depth>3</depth>
	</size>
	<segmented>0</segmented>
	<object>
		<name>mask</name>
		<pose>Unspecified</pose>
		<truncated>0</truncated>
		<difficult>0</difficult>
		<occluded>0</occluded>
		<bndbox>
			<xmin>107</xmin>
			<xmax>294</xmax>
			<ymin>53</ymin>
			<ymax>408</ymax>
		</bndbox>
	</object>
</annotation>
