<annotation>
	<folder></folder>
	<filename>EPg95nzWsAA0F4Q_jpg.rf.bb25dcca56445412a8913328a24d9826.jpg</filename>
	<path>EPg95nzWsAA0F4Q_jpg.rf.bb25dcca56445412a8913328a24d9826.jpg</path>
	<source>
		<database>roboflow.ai</database>
	</source>
	<size>
		<width>416</width>
		<height>416</height>
		<depth>3</depth>
	</size>
	<segmented>0</segmented>
	<object>
		<name>mask</name>
		<pose>Unspecified</pose>
		<truncated>0</truncated>
		<difficult>0</difficult>
		<occluded>0</occluded>
		<bndbox>
			<xmin>97</xmin>
			<xmax>142</xmax>
			<ymin>141</ymin>
			<ymax>188</ymax>
		</bndbox>
	</object>
	<object>
		<name>mask</name>
		<pose>Unspecified</pose>
		<truncated>0</truncated>
		<difficult>0</difficult>
		<occluded>0</occluded>
		<bndbox>
			<xmin>258</xmin>
			<xmax>321</xmax>
			<ymin>97</ymin>
			<ymax>170</ymax>
		</bndbox>
	</object>
</annotation>
