<annotation>
	<folder></folder>
	<filename>EPi37iZUYAAsBY5_jpg.rf.8df736b31a6aad02d23bc99ff5a6d08b.jpg</filename>
	<path>EPi37iZUYAAsBY5_jpg.rf.8df736b31a6aad02d23bc99ff5a6d08b.jpg</path>
	<source>
		<database>roboflow.ai</database>
	</source>
	<size>
		<width>416</width>
		<height>416</height>
		<depth>3</depth>
	</size>
	<segmented>0</segmented>
	<object>
		<name>mask</name>
		<pose>Unspecified</pose>
		<truncated>0</truncated>
		<difficult>0</difficult>
		<occluded>0</occluded>
		<bndbox>
			<xmin>70</xmin>
			<xmax>181</xmax>
			<ymin>251</ymin>
			<ymax>348</ymax>
		</bndbox>
	</object>
</annotation>
