<annotation>
	<folder></folder>
	<filename>LQhzVZl_jpg.rf.7455fe22bcd01682f5333f70113c91fc.jpg</filename>
	<path>LQhzVZl_jpg.rf.7455fe22bcd01682f5333f70113c91fc.jpg</path>
	<source>
		<database>roboflow.ai</database>
	</source>
	<size>
		<width>416</width>
		<height>416</height>
		<depth>3</depth>
	</size>
	<segmented>0</segmented>
	<object>
		<name>mask</name>
		<pose>Unspecified</pose>
		<truncated>0</truncated>
		<difficult>0</difficult>
		<occluded>0</occluded>
		<bndbox>
			<xmin>127</xmin>
			<xmax>318</xmax>
			<ymin>151</ymin>
			<ymax>370</ymax>
		</bndbox>
	</object>
</annotation>
