<annotation>
	<folder></folder>
	<filename>LYNXMPEG102IV_L_jpg.rf.9df8355065017e10cc432b63a2ca3cc3.jpg</filename>
	<path>LYNXMPEG102IV_L_jpg.rf.9df8355065017e10cc432b63a2ca3cc3.jpg</path>
	<source>
		<database>roboflow.ai</database>
	</source>
	<size>
		<width>416</width>
		<height>416</height>
		<depth>3</depth>
	</size>
	<segmented>0</segmented>
	<object>
		<name>mask</name>
		<pose>Unspecified</pose>
		<truncated>0</truncated>
		<difficult>0</difficult>
		<occluded>0</occluded>
		<bndbox>
			<xmin>161</xmin>
			<xmax>237</xmax>
			<ymin>57</ymin>
			<ymax>173</ymax>
		</bndbox>
	</object>
</annotation>
