<annotation>
	<folder></folder>
	<filename>Medical-face-mask-printed-fashion-surgical-disposable_jpg.rf.69124375197a12cf5054405ffcc0885c.jpg</filename>
	<path>Medical-face-mask-printed-fashion-surgical-disposable_jpg.rf.69124375197a12cf5054405ffcc0885c.jpg</path>
	<source>
		<database>roboflow.ai</database>
	</source>
	<size>
		<width>416</width>
		<height>416</height>
		<depth>3</depth>
	</size>
	<segmented>0</segmented>
	<object>
		<name>mask</name>
		<pose>Unspecified</pose>
		<truncated>0</truncated>
		<difficult>0</difficult>
		<occluded>0</occluded>
		<bndbox>
			<xmin>140</xmin>
			<xmax>284</xmax>
			<ymin>93</ymin>
			<ymax>243</ymax>
		</bndbox>
	</object>
</annotation>
