<annotation>
	<folder></folder>
	<filename>Model-with-White-face-mask-with-red-X-2_jpg.rf.417ac6ea603317a1a4ca558e9434dab5.jpg</filename>
	<path>Model-with-White-face-mask-with-red-X-2_jpg.rf.417ac6ea603317a1a4ca558e9434dab5.jpg</path>
	<source>
		<database>roboflow.ai</database>
	</source>
	<size>
		<width>416</width>
		<height>416</height>
		<depth>3</depth>
	</size>
	<segmented>0</segmented>
	<object>
		<name>mask</name>
		<pose>Unspecified</pose>
		<truncated>0</truncated>
		<difficult>0</difficult>
		<occluded>0</occluded>
		<bndbox>
			<xmin>111</xmin>
			<xmax>276</xmax>
			<ymin>128</ymin>
			<ymax>288</ymax>
		</bndbox>
	</object>
</annotation>
