<annotation>
	<folder></folder>
	<filename>NINTCHDBPICT000556650347-1_jpg.rf.d4356178ad044b56870dce3e55069016.jpg</filename>
	<path>NINTCHDBPICT000556650347-1_jpg.rf.d4356178ad044b56870dce3e55069016.jpg</path>
	<source>
		<database>roboflow.ai</database>
	</source>
	<size>
		<width>416</width>
		<height>416</height>
		<depth>3</depth>
	</size>
	<segmented>0</segmented>
	<object>
		<name>mask</name>
		<pose>Unspecified</pose>
		<truncated>0</truncated>
		<difficult>0</difficult>
		<occluded>0</occluded>
		<bndbox>
			<xmin>158</xmin>
			<xmax>251</xmax>
			<ymin>142</ymin>
			<ymax>259</ymax>
		</bndbox>
	</object>
</annotation>
