<annotation>
	<folder></folder>
	<filename>Nose_exposed_N95_grande_jpg.rf.1280071b6e2e4fe9bb00b7b2f10c9703.jpg</filename>
	<path>Nose_exposed_N95_grande_jpg.rf.1280071b6e2e4fe9bb00b7b2f10c9703.jpg</path>
	<source>
		<database>roboflow.ai</database>
	</source>
	<size>
		<width>416</width>
		<height>416</height>
		<depth>3</depth>
	</size>
	<segmented>0</segmented>
	<object>
		<name>poor</name>
		<pose>Unspecified</pose>
		<truncated>0</truncated>
		<difficult>0</difficult>
		<occluded>0</occluded>
		<bndbox>
			<xmin>222</xmin>
			<xmax>338</xmax>
			<ymin>133</ymin>
			<ymax>320</ymax>
		</bndbox>
	</object>
</annotation>
