<annotation>
	<folder></folder>
	<filename>NUZZHAB7IMI6VHQQW44IVOMBHU_jpg.rf.8868a69c83cd72e947bf27056ffd5100.jpg</filename>
	<path>NUZZHAB7IMI6VHQQW44IVOMBHU_jpg.rf.8868a69c83cd72e947bf27056ffd5100.jpg</path>
	<source>
		<database>roboflow.ai</database>
	</source>
	<size>
		<width>416</width>
		<height>416</height>
		<depth>3</depth>
	</size>
	<segmented>0</segmented>
	<object>
		<name>mask</name>
		<pose>Unspecified</pose>
		<truncated>0</truncated>
		<difficult>0</difficult>
		<occluded>0</occluded>
		<bndbox>
			<xmin>186</xmin>
			<xmax>228</xmax>
			<ymin>197</ymin>
			<ymax>256</ymax>
		</bndbox>
	</object>
</annotation>
