<annotation>
	<folder></folder>
	<filename>P0000100005637_3_37742_jpg.rf.3714822b75d0fb6d030f1337012ec9f4.jpg</filename>
	<path>P0000100005637_3_37742_jpg.rf.3714822b75d0fb6d030f1337012ec9f4.jpg</path>
	<source>
		<database>roboflow.ai</database>
	</source>
	<size>
		<width>416</width>
		<height>416</height>
		<depth>3</depth>
	</size>
	<segmented>0</segmented>
	<object>
		<name>mask</name>
		<pose>Unspecified</pose>
		<truncated>0</truncated>
		<difficult>0</difficult>
		<occluded>0</occluded>
		<bndbox>
			<xmin>93</xmin>
			<xmax>187</xmax>
			<ymin>219</ymin>
			<ymax>316</ymax>
		</bndbox>
	</object>
</annotation>
