<annotation>
	<folder></folder>
	<filename>PHOTriZgIKIgsnNLdBJG75vj200203_1000x2000_jpg.rf.5d7eed6b6e06a7e0bba2d25868de0335.jpg</filename>
	<path>PHOTriZgIKIgsnNLdBJG75vj200203_1000x2000_jpg.rf.5d7eed6b6e06a7e0bba2d25868de0335.jpg</path>
	<source>
		<database>roboflow.ai</database>
	</source>
	<size>
		<width>416</width>
		<height>416</height>
		<depth>3</depth>
	</size>
	<segmented>0</segmented>
	<object>
		<name>mask</name>
		<pose>Unspecified</pose>
		<truncated>0</truncated>
		<difficult>0</difficult>
		<occluded>0</occluded>
		<bndbox>
			<xmin>97</xmin>
			<xmax>124</xmax>
			<ymin>52</ymin>
			<ymax>94</ymax>
		</bndbox>
	</object>
	<object>
		<name>mask</name>
		<pose>Unspecified</pose>
		<truncated>0</truncated>
		<difficult>0</difficult>
		<occluded>0</occluded>
		<bndbox>
			<xmin>181</xmin>
			<xmax>207</xmax>
			<ymin>95</ymin>
			<ymax>141</ymax>
		</bndbox>
	</object>
	<object>
		<name>mask</name>
		<pose>Unspecified</pose>
		<truncated>0</truncated>
		<difficult>0</difficult>
		<occluded>0</occluded>
		<bndbox>
			<xmin>244</xmin>
			<xmax>273</xmax>
			<ymin>140</ymin>
			<ymax>182</ymax>
		</bndbox>
	</object>
	<object>
		<name>mask</name>
		<pose>Unspecified</pose>
		<truncated>0</truncated>
		<difficult>0</difficult>
		<occluded>0</occluded>
		<bndbox>
			<xmin>317</xmin>
			<xmax>350</xmax>
			<ymin>118</ymin>
			<ymax>166</ymax>
		</bndbox>
	</object>
</annotation>
