<annotation>
	<folder></folder>
	<filename>PRI_129079114_1580299603_jpg.rf.f62fcfa71f75221510a443072a4b90d0.jpg</filename>
	<path>PRI_129079114_1580299603_jpg.rf.f62fcfa71f75221510a443072a4b90d0.jpg</path>
	<source>
		<database>roboflow.ai</database>
	</source>
	<size>
		<width>416</width>
		<height>416</height>
		<depth>3</depth>
	</size>
	<segmented>0</segmented>
	<object>
		<name>mask</name>
		<pose>Unspecified</pose>
		<truncated>0</truncated>
		<difficult>0</difficult>
		<occluded>0</occluded>
		<bndbox>
			<xmin>96</xmin>
			<xmax>199</xmax>
			<ymin>146</ymin>
			<ymax>310</ymax>
		</bndbox>
	</object>
	<object>
		<name>mask</name>
		<pose>Unspecified</pose>
		<truncated>0</truncated>
		<difficult>0</difficult>
		<occluded>0</occluded>
		<bndbox>
			<xmin>236</xmin>
			<xmax>334</xmax>
			<ymin>178</ymin>
			<ymax>316</ymax>
		</bndbox>
	</object>
</annotation>
