<annotation>
	<folder></folder>
	<filename>TB2R28UvUOWBKNjSZKzXXXfWFXa_!!1116877752_jpg.rf.1fae17a65df324d9c51cbe3dc0b5acd4.jpg</filename>
	<path>TB2R28UvUOWBKNjSZKzXXXfWFXa_!!1116877752_jpg.rf.1fae17a65df324d9c51cbe3dc0b5acd4.jpg</path>
	<source>
		<database>roboflow.ai</database>
	</source>
	<size>
		<width>416</width>
		<height>416</height>
		<depth>3</depth>
	</size>
	<segmented>0</segmented>
	<object>
		<name>mask</name>
		<pose>Unspecified</pose>
		<truncated>0</truncated>
		<difficult>0</difficult>
		<occluded>0</occluded>
		<bndbox>
			<xmin>76</xmin>
			<xmax>181</xmax>
			<ymin>91</ymin>
			<ymax>215</ymax>
		</bndbox>
	</object>
	<object>
		<name>mask</name>
		<pose>Unspecified</pose>
		<truncated>0</truncated>
		<difficult>0</difficult>
		<occluded>0</occluded>
		<bndbox>
			<xmin>255</xmin>
			<xmax>341</xmax>
			<ymin>159</ymin>
			<ymax>249</ymax>
		</bndbox>
	</object>
</annotation>
