<annotation>
	<folder></folder>
	<filename>US-expands-coronavirus-screenings-United-suspends-some-flights-to-China_jpg.rf.7000e6a161c9cef6a6fc765b0af4e80f.jpg</filename>
	<path>US-expands-coronavirus-screenings-United-suspends-some-flights-to-China_jpg.rf.7000e6a161c9cef6a6fc765b0af4e80f.jpg</path>
	<source>
		<database>roboflow.ai</database>
	</source>
	<size>
		<width>416</width>
		<height>416</height>
		<depth>3</depth>
	</size>
	<segmented>0</segmented>
	<object>
		<name>none</name>
		<pose>Unspecified</pose>
		<truncated>0</truncated>
		<difficult>0</difficult>
		<occluded>0</occluded>
		<bndbox>
			<xmin>122</xmin>
			<xmax>174</xmax>
			<ymin>75</ymin>
			<ymax>152</ymax>
		</bndbox>
	</object>
	<object>
		<name>mask</name>
		<pose>Unspecified</pose>
		<truncated>0</truncated>
		<difficult>0</difficult>
		<occluded>0</occluded>
		<bndbox>
			<xmin>214</xmin>
			<xmax>281</xmax>
			<ymin>75</ymin>
			<ymax>169</ymax>
		</bndbox>
	</object>
</annotation>
